_sys32_exe,C
ayam_bakar_aroma,N
homey.bakerydonuts,N
sayurmiung,N
king_jualapaaja,N
hogipempek,N
teliecakes,N
pupu_baker,N
excellent_cakery,N
rendangsuwir_rendangjengkol,N
nasiudukbuhaji_tebetraya,N
kolangkalingenyak,N
devie512,N
funkitchen18,N
nasikuningsamarinda,N
rumahmedina,N
nasimandhiabah,N
dimsum_nagechi,N
kedai_ateu,N
rumahdimsumlima,N
dimsumrumahan_,N
yuu.tomyam,N
larasatis_kitchen,N
yeisha_kitchen,N
dapurlokarasa,N
katering_makecih,N
mbokharjuice_,N
elikatering,N
lindamalinda.shop,N
dimsum99official,N
99frozenfood,N
nusantara_frozen_food,N
katering_sultan,N
ayam_bakar_aroma,N
homey.bakerydonuts,N
sayurmiung,N
king_jualapaaja,N
hogipempek,N
teliecakes,N
pupu_baker,N
excellent_cakery,N
rendangsuwir_rendangjengkol,N
nasiudukbuhaji_tebetraya,N
kolangkalingenyak,N
devie512,N
funkitchen18,N
nasikuningsamarinda,N
rumahmedina,N
nasimandhiabah,N
dimsum_nagechi,N
kedai_ateu,N
rumahdimsumlima,N
dimsumrumahan_,N
yuu.tomyam,N
larasatis_kitchen,N
yeisha_kitchen,N
dapurlokarasa,N
katering_makecih,N
mbokharjuice_,N
elikatering,N
lindamalinda.shop,N
dimsum99official,N
99frozenfood,N
nusantara_frozen_food,N
katering_sultan,N
ayam_bakar_aroma,N
homey.bakerydonuts,N
sayurmiung,N
king_jualapaaja,N
hogipempek,N
teliecakes,N
pupu_baker,N
excellent_cakery,N
rendangsuwir_rendangjengkol,N
nasiudukbuhaji_tebetraya,N
kolangkalingenyak,N
devie512,N
funkitchen18,N
nasikuningsamarinda,N
rumahmedina,N
nasimandhiabah,N
dimsum_nagechi,N
kedai_ateu,N
rumahdimsumlima,N
dimsumrumahan_,N
yuu.tomyam,N
larasatis_kitchen,N
yeisha_kitchen,N
dapurlokarasa,N
katering_makecih,N
mbokharjuice_,N
elikatering,N
lindamalinda.shop,N
dimsum99official,N
99frozenfood,N
nusantara_frozen_food,N
katering_sultan,N
ayam_bakar_aroma,N
homey.bakerydonuts,N
sayurmiung,N
king_jualapaaja,N
hogipempek,N
teliecakes,N
pupu_baker,N
excellent_cakery,N
rendangsuwir_rendangjengkol,N
nasiudukbuhaji_tebetraya,N
kolangkalingenyak,N
devie512,N
funkitchen18,N
nasikuningsamarinda,N
rumahmedina,N
nasimandhiabah,N
dimsum_nagechi,N
kedai_ateu,N
rumahdimsumlima,N
dimsumrumahan_,N
yuu.tomyam,N
larasatis_kitchen,N
yeisha_kitchen,N
dapurlokarasa,N
katering_makecih,N
mbokharjuice_,N
elikatering,N
lindamalinda.shop,N
dimsum99official,N
99frozenfood,N
nusantara_frozen_food,N
katering_sultan,N
ayam_bakar_aroma,N
homey.bakerydonuts,N
sayurmiung,N
king_jualapaaja,N
hogipempek,N
teliecakes,N
pupu_baker,N
excellent_cakery,N
rendangsuwir_rendangjengkol,N
nasiudukbuhaji_tebetraya,N
kolangkalingenyak,N
devie512,N
funkitchen18,N
nasikuningsamarinda,N
rumahmedina,N
nasimandhiabah,N
dimsum_nagechi,N
kedai_ateu,N
rumahdimsumlima,N
dimsumrumahan_,N
yuu.tomyam,N
