https://www.instagram.com/rendang3padusi/,rendang3padusi,45,6281700040301,b'Homemade Rendang DagingDi buat dari daging terpilih dan bumbu asli tanpa menggunnakan Vetsin / micinOPEN PO Contact:WA : +62 81700040301DMsPemesanan minimum H-1Followed by frozenfin5'
https://www.instagram.com/rendang.nizah/,rendang.nizah,342,6283807180712,b'Payakumbuh Authentic RendangPROMO SET GULAI KAPAU IDR 350.000Rendang and Dendeng:IDR 100.000/250grIDR 180.000/500grDeliver every Tuesday and Friday from Depokwa.me/6283807180712'
https://www.instagram.com/rendangnendang.jkt/,rendangnendang.jkt,957,6281299821229,b'Rendang NendangHomemade Rendang rasa otentik! : Senin - Sabtu 10.30 - 18.30 : @gofoodindonesia & @grabfoodid : Senopati-Pesan langsung wa.me/6281299821229'
https://www.instagram.com/rendangcalonmertua/,rendangcalonmertua,132,6282124414760,"b'Rendang Calon MertuaRendang calon mertua, dagangan calon menantu.Jilatan jarimu adalah restu bagiku. CAKEP!Tanah Kusir, Jaksel Pengiriman Se-IndonesiaOrder by WAapi.whatsapp.com/send?phone=6282124414760'"
https://www.instagram.com/rendangmama_vanessa/,rendangmama_vanessa,194,087888727775,"b'Rendang AmakBuatan kasih sayang seorang ibu Setiabudi, Jaksel PROMO VIA GOFOOD , Gosend, JNEOrder wa ke 087888727775gofood.link/a/xs9aaLy'"
https://www.instagram.com/rendang.mak.uni/,rendang.mak.uni,42,081157570708,b'Rendang Mak UniFor Order:DM InstagramWA: 0811575707 / 081319261207'
https://www.instagram.com/rendang_bu_ida/,rendang_bu_ida,663,089630780712,b'Rendang Bu IdaAlways do good in the world & in the afterlife becuse later it will be asked held for responsible in the afterlifeBuruan di order Wa 089630780712'
https://www.instagram.com/jomeirendanghps/,jomeirendanghps,202,081210000908,"b'JOMEI Rendang by HPSJOMEI""Hanya untukmu..""Founder :@hendrisyamsul_fnbconsultant@grace.franciensyamsulPengiriman JKT0812.10000.908Youtube: Jomei Rendang HPswww.jomei.id'"
https://www.instagram.com/rendang.iin/,rendang.iin,255,087876153536,b'rendang.iinORDER : dm.iin // whatsapp.iin : rendang.iin@gmail.com : 087876153536 Kemanggisan - Jakarta Barat#resepmamakenny'
https://www.instagram.com/rendangunifarah/,rendangunifarah,715,081310197686,b'Rendang Uni FarahPelopor rendang vacuum pack sejak 2006Order WA 081310197686food.detik.com/video/190310009/wow-ternyata-daun-bisa-direndang-lho'
https://www.instagram.com/rendangpadangraja/,rendangpadangraja,435,082112701291,b'Rendang Padang RajajakartaAuthentic minangnese food! #rendangseleraraja open PO every sunday Contact us through 0821 1270 1291 or link belowapi.whatsapp.com/send?phone=082112701291'
https://www.instagram.com/rendang_bw/,rendang_bw,230,085813430009,"b'Rendang dan Dendeng Bundo Wati Racikan bumbu asli orang minang www.qoo10.co.id/rendang BW order via DM (fast respon) 085813430009 (wa) Jakarta, Indonesia'"
https://www.instagram.com/rendangmaktuopadang/,rendangmaktuopadang,574,081380177859,b'Rendang Maktuo PadangRendang Daging MaktuoRendang Sapi PadangRendang Enak Hitamrendangdaging.comOrder 0813.8017.7859 ataubit.ly/rendangenakRendang Go Internasional wa.me/6281380177859'
https://www.instagram.com/rendangabangku/,rendangabangku,970,085697555850,b'ABANGKU RENDANG PADANG Jakarta Utara  Send by Gojek/JNE bisa tahan 7hari disuhu udara normal / 3bulan di freezer WA : 085697555850www.tokopedia.com/rendangpadangabangku/daging-rendang-abangku-original'
https://www.instagram.com/rendangdamara2/,rendangdamara2,388,081381871792,b'rendangdamaraRendang sapi premiumWa : 081381871792Gosend. JNE yeshttps://youtu.be/Lgx_cLZcKZMlinktr.ee/Rendangdamara'
https://www.instagram.com/rendang_ceni/,rendang_ceni,395,0818136584,"b'Rendang_CeniRendang asli Sumatra Barat, dimasak dengan tungku kayuProduk : Rendang Daging, Rendang Paru & Bilis BaladoTanpa msg & pengawetContact : 0818136584'"
https://www.instagram.com/rendangnanna/,rendangnanna,577,6282111283853,b'Rendang Nanna HannyPremium Beef Rendang & Baby Potato.Tokopedia Rendang Nanna Gosend/JNE/PaxelJust DM us or Whatsapp Just click link belowapi.whatsapp.com/send?phone=6282111283853'
https://www.instagram.com/rendang_nifarida/,rendang_nifarida,48,082114198754,"b'Rendang Ni Farida Rendang sapi khas minang....Kualitas premium, sedap dimulut, mewah diperut....By : @adelladelinasyafitri0821-1419-87540815-5306-1576'"
https://www.instagram.com/dendeng_dapur_unihal_depok/,dendeng_dapur_unihal_depok,59,081212312711,b'Dendeng Batokok&Rendang PdangDendeng Batokok& Rendang*WA 081212312711*Lokasi Depok*Senin-Minggu*Request & PO% Halal dg Bahan kualitas Premium*BISA KIRIM SELURUH INDONESIAbit.ly/2X9cKsOFollowed by risolesmontok'
https://www.instagram.com/bubonar/,bubonar,472,6287884750256,"b'BUBONAR  Vegan Rendang, etc!vegan  no msg  made with love Rawamangun, Jakarta, IDOrder by Whatsapp:+62 878 8475 0256or click link in biobit.ly/HaiBuBonar'"
https://www.instagram.com/dodolanresik/,dodolanresik,236,081287777346,b'Dodolan Resik#lupis #tajil #kembangtahu #siomay #frozendimsum #pempek #bakso #orderhampers #mieayamkampung by DM or WA 081287777346 or klik link dibawah inibit.ly/dodolanresik'
https://www.instagram.com/dodol_al_kafi/,dodol_al_kafi,128,087781964233,"b'Dodol dan Jahe Merah Al KafiMenjual Makanan dan Minuman Tradisional Cita Rasa Istimewa . Halal, Higienis dan LezatPemesanan Hub ; 087781964233'"
https://www.instagram.com/dodolklambiapik/,dodolklambiapik,43,087754312884,b'Dodol Klambi ApikManaged by @alfiatussdy @astricho__ @zulali__OrderCs admin 1 : 087754312884Cs admin 2 : 083831974097 : BCA/MANDIRI/CODSurabayashopee.co.id/astricho__'
https://www.instagram.com/dodolan_byprilia/,dodolan_byprilia,136,085642782229,"b'Piyama PriliaPIYAMA, BAJU TIDUR pengiriman dari Jakarta WA 085642782229 BCA only piyama tersedia size S-3XL barang yg sudah di beli tidak dapat di tukar'"
https://www.instagram.com/dodolansembako/,dodolansembako,63,6281333500841,"b'Dodolan Sembako MalangWA/TLP : +62 813-3350-0841Malang, Jawa Timurwww.tokopedia.com/dodolansembako'"
https://www.instagram.com/blangkon___/,blangkon___,728,088902862423,"b""Dodol BLANGKON & BATIKWA : 088902862423Fast respon chat wa Budayakan Blangkon & Batik'an wa.me/6288902862423"""
https://www.instagram.com/dodol_omahjogja/,dodol_omahjogja,200,082272454923,b'dodol_omah jogjaBerbagi info rumah/tanah dijual dijogja dan sekitarnya.Hub. 082272454923'
https://www.instagram.com/dodolanmbakrum/,dodolanmbakrum,20,6285694976181,b'Dodolan Mbak Rumdodolanmbakrum@gmail.comWA: +6285694976181'
https://www.instagram.com/dodolansimbok/,dodolansimbok,78,6285697548434,b'Mbok2 MedeniKitchen/Cooking2nd ig @adebebymakeupJengkolBalado-AyamRica-GulaiAyam-CumiPete-CekerMercon-SotoCeker-MangutSausTiram-GurameAsamPdas-GuramePesmol-Pepes-MangutOrderapi.whatsapp.com/send?phone=6285697548434'
https://www.instagram.com/bakmiwadidaw/,bakmiwadidaw,881,081384319621,b'Bakmi WadidawBisa langsung kalian dapatkan dengan pesan melalui : Whatsapp : 0813 8431 9621Tokopedia : Bakmi Wadidaw#BakmiWadidawRasanyaWadaw'
https://www.instagram.com/bakmi_bro/,bakmi_bro,246,081385678908,"b'Bakmi, Bro!Homemade Frozen Noodle ALL PRODUCT READY STOCKPork /Chicken (Halal) Jakarta & Tangerang 08138 56789 08 CONTACT US FOR ORDER linktr.ee/bakmi_bro'"
https://www.instagram.com/bakmiparkit/,bakmiparkit,816,6282288358853,b'Bakmi ParkitBakmi 100% ayamwa.me/6282288358853'
https://www.instagram.com/bakmi.mieku/,bakmi.mieku,530,085959595801,b'MIEKU Bakmi Beku Dalam KemasanBebas formalin & zat pewarnaBakmie sehat siap di santap% HALAL.Order:Tokopedia : Mieku bakmi bekuWA : 0859-5959-5801 (11:00-19:00)'
https://www.instagram.com/bakmiaka/,bakmiaka,593,081381300177,"b'BakmiAKA@bakmiaka Alam Sutera,Gardenia 5/20@bakmiaka Gading Serpong,Ruko Diamond 3/79, NON HALALOrder WA:081381300177,08568808778OPEN Pk 07.00-Pk 19.00'"
https://www.instagram.com/bakmiasuk/,bakmiasuk,577,081290867595,b'Bakmi AsukBakmi Karet Telur Bebek Tradisional HomemadeAyam Kampung AsliOrder :021- 29765599WA 081290867595Go-Food & GrabfoodTokopedia : bakmiasuk'
https://www.instagram.com/bakmidjagoan/,bakmidjagoan,502,6287888997727,b'BAKMI DJAGOAN | Jakarta Barat100% Halal. 100% Ayam Asli. 100% Tanpa Pengawet.100% Fresh Homemade Everyday. Dijamin Nagih!Order WA +6287888997727 (WA Only)Klik untuk order! linktr.ee/bakmidjagoan'
https://www.instagram.com/bakmisiantar168/,bakmisiantar168,165,08119279111,b'bakmisiantar168Diner : Perumahan Taman Ratu Blok D11 No.23AJakarta Barat : 021 5694 3984 : Ruko Opal Blok BF 1 No 22Gading Serpong : 0811 9279 111'
https://www.instagram.com/rumahboi.id/,rumahboi.id,356,08111089665,b'Bakmi Orang IndonesiaOPEN PO!Via TOKOPEDIA SETIAP HARIDikirim 1 hari setelah pemesananPengiriman dr Jakarta BaratPemesanan via : WA 0811-1089-665ORDER link linktr.ee/rumahboi.id'
https://www.instagram.com/asinansedapgedungdalam_bogor/,asinansedapgedungdalam_bogor,774,6281919001178,"b'Asinan Sedap Gedung DalamSince 1978 8.00-17.00 0251-8313099/ 0251-8326843Whatsapp : +62 819 1900 1178 (slow respon) , +62 812 8874 5237 (fast respon, untuk PO)Followed by ayam_bakar_aroma'"
https://www.instagram.com/asinan_mamaelmar/,asinan_mamaelmar,119,089629691849,b'Asinan Buah Mama ElmarSegardan 100% alami. Tanpa Pengawet  Tanpa PewarnaOrder tanpa PO WA: 0896 2969 1849 GoFood Asinan Mama ElmarLink order bit.ly/Order_asinan'
https://www.instagram.com/asinan_ninja/,asinan_ninja,952,08161629816,"b'Asinan kekinian,chocofit readyFor order add WA 08161629816Fresh fruit only, Best Quality, tanpa pengawet, tanpa cuka , tanpa gula, asli dari buah buahan. Cemilan Sehat enaakk!Followed by debbyorahkitchen'"
https://www.instagram.com/asinanmatraman_/,asinanmatraman_,656,085716733386,"b'Asinan Matraman Mama Epoy(Bukan) Asinan KekinianMADE BY ORDERAsinan Sayur&Asinan Buah Fresh&Natural ingredientsShopee, Tokped0857-167-333-86linktr.ee/asinanmatraman_Followed by farrel_cakes_cookies'"
https://www.instagram.com/asinansayurcutebraaay/,asinansayurcutebraaay,74,6281382044440,"b'ASINAN SAYUR CUTE BRAAAYJawaranya Asinan BetawiJl. Kamboja 1 No. 2-3Rawamangun, JaktimPhone : +6281382044440 WA : +628551999097#AsinanSayurBetawi #SehatDenganSayuran'"
https://www.instagram.com/_asinon/,_asinon,654,081280000620,b'Asinan si NonBy @vanicesarAsinan Sayur dan Buah Fresh and Natural IngredientsOpen PO H-1JakartaFor info: DM or WA 081280000620Gosend/GrabExpress'
https://www.instagram.com/asinanserba15000/,asinanserba15000,38,085763864620,"b'asinan buah dan sayurOPEN ORDER"" ASINAN BETAWI""SAYURAN DAN BUAHPO NANA DEPAN KUAKEMBANGAN UTARA085763864620#asinanbuah#asinanmanggaPEDES,ASEM,SEGER'"
https://www.instagram.com/asinan_sayur_asyik_rasanya/,asinan_sayur_asyik_rasanya,402,087782982977,b'Asinan Sayur Asyik RasanyaJalan Ubi Nomor 117B Mangga Besar 5 Jakarta Barat 11180Contact Person0877-829-829-77021-6599939asinan-ar.com'
https://www.instagram.com/cynthiahomemade/,cynthiahomemade,263,08989255088,b'ASINAN MANISAN MANGGASemua di highlight dan di feed bisa dipesan ya :) made by order.0898.925.5088 Puri Indahgoo.gl/FdIczf'
https://www.instagram.com/asinan_djempol/,asinan_djempol,205,087887562000,b'ASINAN & JUS KEDONDONG  NO pengawet/ pemanis /pewarna/ cuka :0878 8756 2000 (WA ONLY) Gojek/Grab deliverywa.me/087887562000'
https://www.instagram.com/asinan_gedung_dalam_sentul/,asinan_gedung_dalam_sentul,314,6281222255600,"b'ASINAN SEDAP GEDUNG DALAMPlaza Niaga 1 Blok B no52 Sentul, Bogor(Cabang): 8.00-17.00 021 - 2293 0128Whatsapp : +62 812 2225 5600asinanplazaniaga.com'"
https://www.instagram.com/asinanbuahbumelly/,asinanbuahbumelly,607,6289643263863,"b'ASINAN BUAH ""BU MELLY""""Cara Lain Menikmati Buah""Sidoarjo | Surabaya | Jimbaran-BaliUD. Wuldhisak Boga Nusantara% Buah Fresh% Gula Asli layanan pesan (WA ONLY)wa.me/6289643263863'"
https://www.instagram.com/asinan.neneng/,asinan.neneng,121,080020001300,b'Asinan Neneng Kosambi Asinan sayur & buah Senin-Sabtu pkl 08.00-20.00 | Minggu 13.00-20.00Kosambi Baru Blok H4/16 - Cengkareng 021-5411793 0877 8031 0001'
https://www.instagram.com/asinan_buah_akhtar/,asinan_buah_akhtar,256,081192567416,"b'Asinan Buah AkhtarProdusen asinanAsina buah dan asinan sayur segar, dllShopee : asinan buah akhtar (wurti89)Tokped : asinan buah akhtarWlcm reseller08119256741wa.me/628119256741'"
https://www.instagram.com/asinanbalboa/,asinanbalboa,383,6281261897171,"b'JAJANAN  BALBOAJakarta  BRINGING deliciousness 2 ur tastebuds! Lineup: Asinan Balboa, Bakmie Balboa & Bacang Balboa      Current PO Asinan, Bacang & Bakmiewa.me/6281261897171'"
https://www.instagram.com/asinankiamboi.id/,asinankiamboi.id,102,081807571999,"b'Asinan Kiamboi Cik Mey est 2019.Available on GOFOOD: Asinan Kiamboi Cik Mey ORDER BYDM & WA: 081807571999 (no call, WA only)wa.me/6281807571999'"
https://www.instagram.com/wati_abiayasy/,wati_abiayasy,140,083807344291,"b'pojok asinanUntuk harga reseller kami ada harga khusus,bisa request buahan karna ini asli produk sendiri harga sangat terjangkau,Diorder ya kak.Wa083807344291'"
https://www.instagram.com/bumbumedok/,bumbumedok,174,087783823144,b'Asinan dan Rujak Bumbu MedokWe serve you with local delicacies    Inquiries : 087783823144 (WA)Find us on Gofood bit.ly/gofood_bumbumedok'
https://www.instagram.com/asinanamah/,asinanamah,145,6281295958868,b'Asinan Buah OPEN POPengawet & PewarnaHOMEMADE & FRESHTERIMA ORDERAN JUMLAH BESAR Cipondoh / Vila Tomang Baru (tgr) GOJEK/GRAB/HELPorder DM or WA wa.me/6281295958868'
https://www.instagram.com/rizniesalad/,rizniesalad,48,085891116981,b'Fruit SaladAsinanSpaghetiCiledug-Tangerang% halal H - 1 order Delivery order by go send wa: 0858.9111.6981 payment: transfer BCA'
https://www.instagram.com/asinan_bang_pedro/,asinan_bang_pedro,331,083898737027,"b'Asinan Bang Pedro"" PO dulu ya ""WA 083898737027Jual aneka Asinan* Asinan Sayur kuah Kacang* Asinan Sayur kuah Merah* Asinan Buah Campur* Rujak Buah'"
https://www.instagram.com/asinan.bu.rt/,asinan.bu.rt,345,6282298673954,b'Tanpa Pewarna & Pengawet Buah Segar Gula Asli Pewarna PengawetOrder via DM/WA atau Aplikasi: Grabfood / Gofood / Shopee / Tokopedia Ikuti juga FB: @Asinan.Bu.RTwa.me/6282298673954'
https://www.instagram.com/manisan.delima/,manisan.delima,433,081375653826,"b'MANISAN BUAH & SAYUR Gula asli, Halal & Tanpa Bahan Pengawet manisandelimaa@gmail.com 081375653826 RESELLER WELCOME DISTRIBUTOR MANISANOwner WATA WALLANI R'"
https://www.instagram.com/manisanjambumadu/,manisanjambumadu,780,081375103188,b'Manisan Jambu Madu Mr.PonimanTanpa Pewarna dan Tanpa PengawetHalalHub : 0813 7510 3188Grabfood/Gofood : Manisan Jambu Madu#oleholehmedan#manisanjambumedan#api.whatsapp.com/send?phone=+6208116057677Followed by jiu_khiun'
https://www.instagram.com/cynthiahomemade/,cynthiahomemade,263,08989255088,b'ASINAN MANISAN MANGGASemua di highlight dan di feed bisa dipesan ya :) made by order.0898.925.5088 Puri Indahgoo.gl/FdIczf'
https://www.instagram.com/manisanjambushaina/,manisanjambushaina,599,087780167772,"b'manisan jambuMANISAN JAMBU | HOMEMADE | FRESH | TANPA PENGAWET | CINERE | SAWANGAN | ONLINE ORDER||WA: 087780167772, 081908004727DM IG'"
https://www.instagram.com/naturfix/,naturfix,162,628161116541,"b'Manisan & Coconut YogurtVegan Friendly bahan segar pilihanJakarta, IDWA +6281.61116.541#manisanbuah#coconutyogurt#veganfriendly#delicyococonutyogurtshopee.co.id/naturfix'"
https://www.instagram.com/manisanencim/,manisanencim,70,081296963428,"b'Manisan EncimHomemadeTanpa bahan pengawet dan pemanis buatan100% alamiSegar, Maknyos, Bikin nagih dan SehatOrder WA : 081296963428 , 081932664898'"
https://www.instagram.com/misskoling/,misskoling,100,085956050402,b'Manisan Kolang Kaling Medan- Melon - Marqisa- Anggur - Leci- Rapsberry - Gula ArenOrder : 0859 56050402P-IRT : 2143172010183-23YouTube :youtu.be/3A4S-KjD0Y0'
https://www.instagram.com/manisan_mangga_link/,manisan_mangga_link,40,081381882227,b'Manisan_mangga_link#manisan#mangga#gula#asli#gulapasirHomemadeTerima order catering per cupOrder via :Wa:081381882227'
https://www.instagram.com/manisan.segar/,manisan.segar,10,089637925649,"b'Manisan SegarCarica gemilang isi 4,6&12ANEKA kue kering & kacangFB:Manisan Segar089637925649'"
https://www.instagram.com/manisanjambubangkoknita/,manisanjambubangkoknita,363,081331272899,"b'Manisan Jambu Bangkok NitaFood & BeverageWA : 081331272899Pasar Atom Tahap 3 lt 1 no 1124, SurabayaGiant ArayaDepot Bu Rudy DharmahusadaDepot Bu Rudy AnjasmoroDepot Bu Rudy Kupang Indah'"
https://www.instagram.com/kolkalmaknyak/,kolkalmaknyak,944,087809682588,b'Pelopor Manisan Kolang Kaling Punya Jakarta Gula Asli & Tanpa Pengawet #manfaatkolangkaling Semua Area IndonesiaWA 0878 0968 2588LINE kolkalmaknyakshopee.co.id/kolkalmaknyak'
https://www.instagram.com/jambubangkok_shallom/,jambubangkok_shallom,25,081908640432,"b'Manisan Jambu BangkokSistem Open PO, jambu baru diolah setelah pesanan masuk, agar jambu masih fresh saat dikonsumsi.More info 081908640432 Poris Tangerangwww.radarindonesia.com/2020/05/kreatifitas-membawa-berkah.html?m=1'"
https://www.instagram.com/manisanana_/,manisanana_,71,089502980271,"b'ManisananaOwner @amrinarosssCod Tebet dan Cikini sekitar.Order here -DM / Whatsapp 089502980271Payment. Bca, Gopay, Dana'"
https://www.instagram.com/sherlyandraa/,sherlyandraa,832,085938552120,"b'Manisan Ceu iiManisan Ceu ii Jl.Arianatamanggala kp.mande sari ,desa.kademangan kec.mandeKab : Cianjur 0859-3855-2120'"
https://www.instagram.com/citrarasa.co/,citrarasa.co,696,6281237461049,"b'MANISAN, RICEBOWL, DIMSUMVarious menu in 1 orderSuper HygienicsMANISAN BUAH READY @Tiara Dewata, Pepito, Ramayana, Cocomart dll@nindidws @veronikaldw @githadewisWa api.whatsapp.com/send?phone=6281237461049'"
https://www.instagram.com/manisan_syabie/,manisan_syabie,753,089533010262,b'manisan_syabieManisan kolang-kaling syabieDibuat secara higienisTanpa pemanis buatanAman dan sehatOrder  0895330102626Lokasi Bandarlampung#ngemilsehat'
https://www.instagram.com/gerai_arima/,gerai_arima,124,080021000897,b'Manisan Kolang Kaling & Snack 08.00-21.00Order Jl. P. Tirtayasa Prumdam II sriwijaya B. Lampung DM/Wa : 08978623961'
https://www.instagram.com/manisan_qu/,manisan_qu,447,087731935084,b'ManisanquSedia berbagai macam manisanLokasi SemarangKontak:WhatsApp: 087731935084Mari di icip2 ya dearshopee.co.id/manisan_qu'
https://www.instagram.com/manisan_koling_sasa/,manisan_koling_sasa,163,085214245282,"b'sasa_kolangkalingManisan kolang-kaling, kemasan 700gr. Rp. 40.000,- wil Kota Bogor bisa kirim-kirim via Gosend/ grab Express WA : 085214245282'"
https://www.instagram.com/manisanbundakembar/,manisanbundakembar,175,081282670513,b'manisan kelapa bunda kembarMenjual manisan kelapaHome madeDijamin 100%halalDijamin mantulPemesan nan bisa wa 081282670513'
https://www.instagram.com/rujak.uy/,rujak.uy,539,6282285677503,"b'RUJAK BUAH MINANGPadang, Indonesiaest. 2018Part of @rujakminang_Tentukan favorit buah & level kepedasanmu, dengan order via Whatsappapi.whatsapp.com/send?phone=6282285677503'"
https://www.instagram.com/saladbuah_senorita/,saladbuah_senorita,851,080022000812,"b'Salad buah Seorita 11 - juli - 2019 08.00 - 22.00 ( buka setiap hari ) Wa 0812 9063 9669 order via Go Food/Grab Food/Shopee Halal,tasty,fresh,healthy .gofood.link/u/0KBKO'"
https://www.instagram.com/rujakbuahnonik.tanjungduren/,rujakbuahnonik.tanjungduren,495,081918000830,"b'Rujak Buah Nonik Tanjung Duren SPECIALIST RUJAK BUAH Available on GOFOOD Senin - Sabtu,  11.00 - 21.00 WIB 0819 18000 830 '"
https://www.instagram.com/rujakbuahnonik_greenlakecity/,rujakbuahnonik_greenlakecity,141,085156815101,b'Rujak Buah Nonik GreenLakeCityFood & BeverageJagonya Rujak BuahBUKA SETIAP HARI  10.30 - 20.00 Available on GoFood & GrabFood WA : 0851-5681-5101 Free Delivery GLC'
https://www.instagram.com/asinan_mamaelmar/,asinan_mamaelmar,119,089629691849,b'Asinan Buah Mama ElmarSegardan 100% alami. Tanpa Pengawet  Tanpa PewarnaOrder tanpa PO WA: 0896 2969 1849 GoFood Asinan Mama ElmarLink order bit.ly/Order_asinan'
https://www.instagram.com/saladtanteku/,saladtanteku,606,628119218080,b'SALAD TANTEKU (salad buah)Open dropship and resellergrab/gojek dari kebon jeruk jakarta baratshopee : debitrifenatokopedia : saladtantekuapi.whatsapp.com/send?phone=628119218080Followed by nasimandhiabah'
https://www.instagram.com/rashabuah.id/,rashabuah.id,181,08119914917,b'Rasha BuahCibubur / SlipiPO Buah Premium Pilihan BerkualitasPengiriman H+1Order by DM/WA 08119914917Area JadetabekLove your BodyPaxel/Grab same dayFollowed by farrel_cakes_cookies'
https://www.instagram.com/saladbuahkendari/,saladbuahkendari,109,082189900747,"b'""SABUK"" SALAD BUAH KENDARIKendari - Sulawesi TenggaraWA : 082189900747DM langsung ke InstagramBuah segar dan menyehatkan Selamat menikmati SABUK\'ers Harga 15KFollowed by milakarmila.21'"
https://www.instagram.com/manisan.delima/,manisan.delima,433,081375653826,"b'MANISAN BUAH & SAYUR Gula asli, Halal & Tanpa Bahan Pengawet manisandelimaa@gmail.com 081375653826 RESELLER WELCOME DISTRIBUTOR MANISANOwner WATA WALLANI R'"
https://www.instagram.com/saladbuahbundahanim/,saladbuahbundahanim,191,085648698437,b'salad buah bunda hanim bekasiWa : 0856-4869-8437 0856-4869-8437Bisa diorder viagrabfood  salad buah segar karang satriauntuk gofood bisa langsung klik link dibawah ini gofood.link/u/AGyAq'
https://www.instagram.com/saladbuahnambahlagih/,saladbuahnambahlagih,810,085719154443,b'SALAD BUAH NAGIHPRE ORDER1-24 pax : IGStory>=25 pax (H-3 delivery)BUAH SEGAR NON KALENGTANPA PENGAWETLIST PO+Full Transfer(H-2) Gosend InstanWA085719154443'
https://www.instagram.com/saladnagih/,saladnagih,282,081233908950,b'SALAD BUAH NAGIHPre Order / WA only 081233908950'
https://www.instagram.com/kurma_muda_dan_buah_zuriat/,kurma_muda_dan_buah_zuriat,970,085841119482,"b'kurma muda dan buah zuriatOPEN UNTUK RESELLER, GROSIR, DROPSHIPWA : 085841119482Followed by nasimandhiabah'"
https://www.instagram.com/asinanserba15000/,asinanserba15000,38,085763864620,"b'asinan buah dan sayurOPEN ORDER"" ASINAN BETAWI""SAYURAN DAN BUAHPO NANA DEPAN KUAKEMBANGAN UTARA085763864620#asinanbuah#asinanmanggaPEDES,ASEM,SEGER'"
https://www.instagram.com/sabusha.bali/,sabusha.bali,178,6281288815569,"b'Salad Buah ""SaBuSha"" Made by love @imeyandryOrderGoFood: Salad Buah SabushaGrabFood : SaBuShaOpen Senin-Minggu 09.00 - 21.00 Witawa.me/6281288815569Followed by moondimsum88.bali'"
https://www.instagram.com/wira.1301/,wira.1301,54,081220441516,"b'Salad buah Baros,CimahiReady on go food & grab food. 0812.2044.1516(wa only) fast respon'"
https://www.instagram.com/fruitmama_id/,fruitmama_id,422,085776818687,"b'Buah & Sayur Organik OnlineUdah nonton Fruit Mama di @metrotv?  Pengiriman dari:Karang Tengah, TangerangBintaroPanglima PolimWA Pemesanan: 085776818687Atau klik link:wa.link/jrht2p'"
https://www.instagram.com/yayuks.kitchen/,yayuks.kitchen,271,081231302028,"b""SALAD BUAH |DESSERT SIDOARJOSIDOARJOFresh & DeliciousGRABFOOD/GOFOOD:Salad Buah Yayuk's KitchenFree Ongkir min. 50k (Sidoarjo Kota)WA : 08123130202Info Promo, KLIKlinktr.ee/yayuks_kitchenFollowed by moondimsum88.bali"""
https://www.instagram.com/kochstrasseofficial/,kochstrasseofficial,624,08995630078,"b'Pastel Goreng & Frozen     . 08995630078 (WA) GoJek & Grab OVO, GoPay, Transfer Cideng, JakPus, IDN  |  | linktr.ee/kochstrasseofficial'"
https://www.instagram.com/pastel.raja/,pastel.raja,151,081587581000,"b'Pastel RajaPastel Risoles Kroket (Ragout) & Lumpia SemarangORDER  021 539 7729  (WA) 0815 8758 100 GoFood, GrabFood(Buka Selasa-Minggu) Jam 06.30-16.30pastelraja.comFollowed by risolesmontok'"
https://www.instagram.com/pastelbasli/,pastelbasli,128,081294994934,b'PASTELBAsliRestaurantPASTEL TUTUP (add macaroni schotel)Book Your Order : 081294994934 (WA only) a/n : Rizky K RBintaro (for Jabodetabeka)@tikaradityoFollowed by debbyorahkitchen'
https://www.instagram.com/unosnackofficial/,unosnackofficial,197,089538992639,"b'Pastel, Risoles, Jajanan PasarAkun resmi dari UNO Snack Jual pastel, risoles, dan cilok goang #JajanDariRumah Baleendah, Kab. Bandung 0895389926391 (WA) Order maks. 10.00bit.ly/PesanUNOFollowed by dimsum99official'"
https://www.instagram.com/pastel_ibu_mimi/,pastel_ibu_mimi,918,08188609995,"b'Jalangkote/Pastel Ibu mimiJalangkote Khas makassar / pastelOrder H-3Pemesanan hub 0818860999Jkt- bgr - dpk- cibinong - cibuburHarga 5 k/pcsKulitnya garing,tanpa pengawet'"
https://www.instagram.com/monitacookies.sby/,monitacookies.sby,856,087724027878,b'PASTEL & KITCHEN SURABAYALocal Business Gofood : monita pastel & kitchen WA : 087724027878Line@ : @782tgrwcapi.whatsapp.com/send?phone=6287724027878Followed by dapurberdua.id'
https://www.instagram.com/larissey.id/,larissey.id,294,6289834833292,b'Kue Brownies Kukus Enak MurahLarissey Brownies Order via WhatsApp (klik link) Halal and good quality ingridients#enakgakharusmahal#bahagiaitumakanwa.me/628983483329Followed by milakarmila.21'
https://www.instagram.com/bolkus_thatha/,bolkus_thatha,752,082132351640,b'Bolu Kukus Karakter ThathaBaby Goods/Kids GoodsBolkus Karakter ThathaWa : 082132351640m.facebook.com/tha.ta.503?ref=bookmarksFollowed by milakarmila.21'
https://www.instagram.com/pawsrikaya/,pawsrikaya,304,6281229783131,b'Roti Kukus Srikaya JogiaBakeryRoti Kukus Yogyakarta09.00 - 21.00 // PRE ORDER (minimal order H -1)- SENIN LIBUR - YogyakartaTag #pawsrikayaOrder Nowwa.me/6281229783131'
https://www.instagram.com/salwalapiskukus/,salwalapiskukus,589,081804259495,b'Salwa Lapis Kukus Kediri Toko Oleh-Oleh Surabayadi KediriAvailable GOJEKDelivery Order OK 081804259495 bit.ly/salwalapiskukusFollowed by moondimsum88.bali'
https://www.instagram.com/rokupang_cimanggis/,rokupang_cimanggis,617,085771363975,"b'ROTI KUKUS DAN PANGGANG DEPOKSatu ga akan cukup senin - minggu 13.00 - 22.00 Teras Alfamidi.Jl putri tunggal, harjamukti, cimanggis, depok 085771363975/085814726638'"
https://www.instagram.com/frozenfood.mame/,frozenfood.mame,569,081280716548,"b'Produsen dimsum kukus dan kuahSejak 2014#dimsumWA 081280716548/ 081287012428Produsen Dimsum & SiomayMenerima Reseller | Agen | DistributorLokasi : Pamulang, Tangerang Selatanbit.ly/RsellerDimsum'"
https://www.instagram.com/bonalia_store/,bonalia_store,996,08123107077,b'LAPIS KUKUS PAHLAWAN SURABAYAMITRA RESMIBUKA 06.30 - 21.00#lapiskukuspahlawan#lapiskukus#oleholehsurabaya#lapiskukussurabaya#kulinersurabaya08123107077 Klik bit.ly/KontakBonaliaStore'
https://www.instagram.com/rokussabi.id/,rokussabi.id,123,083139341317,b'ROTI KUKUS & ROTI BAKAR#RotiKukus #RotiKukusSerpong Open Daily from 5pm to 11pm WhatsApp 0831-3934-1317 Go-Food : Roti Kukus Sabi'
https://www.instagram.com/makanan_frozen_food/,makanan_frozen_food,43,081317890182,b'Frozen food_abiumicileungsi-bogorPenjual macam macam makananHalal foodOpen resellerOrder langsung DM/WhatsApp 081317890182085716018121'
https://www.instagram.com/makananfrozen.id/,makananfrozen.id,95,089538582932,"b'FROZEN FOOD ALA ""HOKBEN"" Ciledug, Tangerang Whatsapp : 0895385829328 JNE FOOD (Pengiriman luar kota) GOSEND (jabodetabek) COD daerah Ciledug dan sekitarnya'"
https://www.instagram.com/makananfrozenenak/,makananfrozenenak,40,087877716060,b'makananfrozenMenjual Makanan Frozen BerkualitasGoSend / JNEOrder 087877716060 (WA)'
https://www.instagram.com/rinayafrozenfood/,rinayafrozenfood,31,085883138221,b'Beraneka Makanan Frozen FoodSemua item ready Ecer/GrosirMakanan Cepat Saji Untuk Keluarga  (FB) NAYA FROZEN FOOD Grab Sameday - gosend instan & Paxel(WA) 085883138221shopee.co.id/rinayaofficialstore?v=459&smtt=0.0.3'
https://www.instagram.com/starfrozen88/,starfrozen88,7,087886295160,"b'makanan frozen dan camilandress, abayajilbabfrozen homemadeberbagai camilanDll...087886295160 (wa only)'"
https://www.instagram.com/teman_sinasi/,teman_sinasi,186,081318802368,"b'makanan frozen homemade bekasiSister company @kedai_nonilondoAneka lauk frozen homemade,Risoles frozenDimsum frozenAneka sambalLauk keringPemesanan h-1Wa : 081318802368'"
https://www.instagram.com/frozennaturals/,frozennaturals,520,087821171133,"b'Makanan Frozen BandungDago, BandungSehat tanpa MSG 087821171133linktr.ee/frozennaturals'"
https://www.instagram.com/sucicahyaolshop/,sucicahyaolshop,515,089606816225,"b'ANEKA MAKANAN FROZEN FOODAgen BOCI,berbagai cemilan DLLOwner @ikkosucicahya18Order WA : 089606816225 (nocall)COD Kukusan Dpk,Jagakarsa dan skitarnya '"
https://www.instagram.com/kulkastante/,kulkastante,389,085778437269,"b'Frozen Food | Bahan Makanan Frozen Food, Sayur Segar, Bahan Makanan Segar Order Maksimal Jam 1 siang di kirim H+ 1 Go Send / Grab ExpressCek Harga & Order  085778437269wa.me/6285778437269'"
https://www.instagram.com/bunkerbeku/,bunkerbeku,192,087852105500,"b'FROZEN FOOD MAKANAN BEKUSehat, bervariasi, stok makanan #DiRumahAja aman! 087852105500 Surabaya (Margomulyo/Kutisari bisa request) Gojek/Grab.ORDER? Klik linkbit.ly/OrderBunkerBeku'"
https://www.instagram.com/pashafrozen/,pashafrozen,40,089699383413,b'makanan frozenJual berbagai macam produk makanan. Bisa cod sekitar tambun.WA : 089699383413'
https://www.instagram.com/afrilanyattah/,afrilanyattah,250,087883240264,b'snack & makanan frozenJual makanan/minuman Frozen dll Ordertransferkirim : 087883240264(fast respon) : Gojek dan si cepat ekspresDiikuti : afrilany92api.whatsapp.com/send?phone=087883240264'
https://www.instagram.com/mandalinda95/,mandalinda95,913,081932005688,"b'MSI.Beauty & makanan frozenSolusi cantik,sehat dan berpenghasilan ada di sini.Wa 081932005688Pengiriman : jakarta selatan.Bank : BRIKlik link dibawah inibit.ly/2NCDrii'"
https://www.instagram.com/syarah_frozenfood/,syarah_frozenfood,496,081299084228,b'Aneka Makanan Frozen FoodJakarta timurORDERWa : 081299084228PENGIRIM viaJNEJ&TGojek onlineinstagram.com/testimoni_frozenfood'
https://www.instagram.com/frozenfoodboyolali/,frozenfoodboyolali,228,6281377949070,b'Produk Makanan Frozen/Fresh- Frozen Food- Tenderloin- Sirloin- Iga- Buntut- Lidah- Otak- Limpa#FrozenfoodboyolaliOrder/Tanya Hargawa.me/6281377949070'
https://www.instagram.com/dimspacc/,dimspacc,47,6287885490770,b'Makanan Frozen OnlineFrozen Dimsum Jakarta HALALWhatsapp : +6287885490770 Gojek/Grab & PaxelTangerang Selatan#testidimspacc'
https://www.instagram.com/rosanti_foodbox/,rosanti_foodbox,18,085770134922,"b'MAKANAN & CEMILAN FROZENFresh & HalalOrder via Dm atau WA Jakarta085770134922 BCA or BNI COD Khusus daerah Karang Anyar, Mangga Besar, Taman Sari JNE/J&T/TIKI'"
https://www.instagram.com/cozykedai/,cozykedai,384,080021000896,b'frozen food & makanan rumahan 08.00 - 21.00 wib Open Everyday go-food & grab foodWA: 089655084098 ( CALL)BKS'
https://www.instagram.com/makananfrozen89/,makananfrozen89,41,081370648034,"b'makanan frozenmakanan dan minuman frozenhalal & tanpa bahan pengawet% amanFor order,Langsung wa ke :081370648034081293935004@alwicaksono@khanza_alputriwww.tokopedia.com/content/60238356'"
https://www.instagram.com/doafrozen.bali/,doafrozen.bali,320,082247404021,"b'ANEKA MAKANAN FROZENUPDATE STOK SETIAP HARIOrder ? H-1 Mengwi, Badung 082247404021 / 082145644242COD/GOJEKWELCOME RESELLER'"
https://www.instagram.com/pawonburil/,pawonburil,334,085697975758,b'frozen food makanan beku MANDIRI BCA BEKASI NO CALL or SMS 085697975758 atau klik link linktr.ee/pawonburil'
https://www.instagram.com/galo_food/,galo_food,38,628990326462,b'MAKANAN FROZEN FOODTerima PRE ORDER / READYOrder? Klik wa.me/628990326462'
https://www.instagram.com/mamamudasecret/,mamamudasecret,895,082386108575,b'MENJUAL MAKANAN FROZENMenjual makanan frozen/Ready To EatHalal.Bahan berkualitas.Tanpa MSG.Tanpa PengawetWA only : 082386108575#makanan #masakan'
https://www.instagram.com/askyfrozenfood/,askyfrozenfood,60,0816676766,"b'Makanan Frozen Halal dan EnakFoodservice DistributorReseller Are WelcomeKebab NAJM, French Fries, Donut Kentang, Bakso, Daging SliceWhatsApp Text 0816676766'"
https://www.instagram.com/makanan_rumahan_frozen/,makanan_rumahan_frozen,40,081290482315,"b'Dapur_MamaAchaDijual aneka kue lebaran,Aneka sambal,Cireng jeletot,Pancake durian,Bakso, DllSemuanya homemade dijamin enakBisa wa = 081290482315/srengseng Jakbar'"
https://www.instagram.com/almashyra_frozenmart/,almashyra_frozenmart,319,089530200995,"b'TERSEDIA ANEKA MAKANAN FROZENTERSEDIA DIMSUM, KEBAB, SAMOSA, MOLEN LUMEROPEN RESELLER or DROPSHIPBekasiORDER WA 089530200995 JNE,JnT,GoSend BCAshopee.co.id/hildanurulfadillah94'"
https://www.instagram.com/frozenfood.halal.sidoarjo/,frozenfood.halal.sidoarjo,606,080017006282,b'MAKANAN PRAKTIS CEPAT SAJIShopping & RetailJual makanan frozen bisa kirim luar kota sidoarjo jne - jnt bri -bsm senin-sabtu 08.00-17.00#DRAMAKOREA #STAYATHOME #staysafe #dirumahsajawa.me/6282185898068'
https://www.instagram.com/frozenfoody.sby/,frozenfoody.sby,311,085895814095,b'MAKANAN FROZEN DAN CATERINGProduct/Service Surabaya barat 0858-9581-4095Bisa COD (khusus sby barat)'
https://www.instagram.com/agenrajamakananbeji/,agenrajamakananbeji,646,081331420793,b'FROZEN DAN MAKANAN RINGANJ&T/JNEW.A 081331420793OPEN RESELLER'
https://www.instagram.com/cemilansurabayaaa/,cemilansurabayaaa,152,085707470221,b'AGEN MAKANAN FROZEN   MENJUAL CEMILAN FROZENOPEN RESELLER SURABAYACOD untuk wilayah surabayaOrder 3 pack free ongkir wilyah tertuOrder byapi.whatsapp.com/send?phone=085707470221'
https://www.instagram.com/lazu.frozen/,lazu.frozen,53,080017006287,b'Frozen Food/Makanan BekuReady Stock | Pre-Order | ResellerCOD : Otista | Pisangan | Jatinegara | Kp.MelayuCipinang Cempedak | Bidaracina | JakTim08:00 WIB - 17:00 WIBwa.me/6287782190740'
https://www.instagram.com/cemilan_enak06/,cemilan_enak06,27,08881631978,"b'makanan frozen,brownis dllOwner:@kiaa29_08881631978open po setiap hariCod ciracas,cibubur,krangganOPEN RESELER '"
https://www.instagram.com/frozen__makanan/,frozen__makanan,25,086602232830,"b'Makanan_FrozenSemua Makanan Frozen yang kami jual 100% Halal dan tidak memakai bahan terlarang BCA :8660223283 ARI SAPUTRA:0895639442284:JNE,JNT,Posshopee.co.id/siregarari'"
https://www.instagram.com/tukubadog/,tukubadog,20,085797627059,"b'Makanan rumah & Frozen FoodJakartaPROMO!Pengiriman GRABEXPRESS, GOSEND, JNEOpen resellerfast Respon : 0857 9762 7059 (WA only) orclick link down bellowbit.ly/2zhvfSq'"
https://www.instagram.com/temanmakaroni/,temanmakaroni,581,081388477640,"b'Teman Makaroni OfficialProduct/Service""Teman Cemilan Sejati"" Product of IndonesiaHashtag #temanmakaroni#temancemilansejatiFor Order WA : 0813 8847 7640Tokped : teman makaronibit.ly/2HJ0TtV'"
https://www.instagram.com/makaronigilaofficial/,makaronigilaofficial,31,089702204907,b'makaroni gilaNew instagramMakaroni GilaOpen order dropship & Reseller Shipping all indonesia. BCA MANDIRI BNIWA : 08970220490BBM : D75B4873Line'
https://www.instagram.com/snackwowtestimony/,snackwowtestimony,560,089699259230,b'BISNIS KERIPIK USUS MAKARONIReseller Modal 200kGRATIS ONGKIR@keripikbangjukriShoope : aneka camilanWA : 0896-9925-9230Klik WA bit.ly/AminJuragan'
https://www.instagram.com/makaronifamela/,makaronifamela,569,6283867243599,"b'Makaroni,cireng&Basreng famela Jakarta +6283867243599 Reseller welcomeJNT, JNE,GOJEKDi shopee juga bsShopee.co.id/famelakhanzaBankBCA,MANDIRI,BNIShalawat yukapi.whatsapp.com/send?phone=6283867243599'"
https://www.instagram.com/makaroni.nggragas/,makaroni.nggragas,155,087770431100,"b""Makaroni Ng'gragasTERSEDIA ANEKA RASA HALAL TANGERANG JNE , GOSEND , GRAB BCA 0877-7043-1100 (Hanya WA) 0812-8300-0096 (Hanya WA)"""
https://www.instagram.com/makaroni_sans/,makaroni_sans,81,6287832250253,"b'MAKARONI KUALITAS MAKSIMUM"" Biarkan Rasa Yang Berbicara ""Tersedia 5 varian rasa unik yang wajib dicoba.#makaronisans #makaroniasikInfo Order/Dropship/Agen ? Yuk gabung api.whatsapp.com/send?phone=6287832250253&text=order+makaroni+sans+kak'"
https://www.instagram.com/makaronibonju_karawaci/,makaronibonju_karawaci,52,085717478866,b'Agent Resmi Makaroni BONJUOPEN RESELLER Pengiriman Setiap Hari 085717478866 COD boleh saja sekitaran Binong'
https://www.instagram.com/cemilanjakarta46/,cemilanjakarta46,311,085693680643,"b'Makaroni bantet Jakarta! 5KHome Made by @jesiscajee- Cemilan | Dessert*Minuman (Soon!)Order: DM/Wa: 085693680643Tendean, Jakarta Selatan'"
https://www.instagram.com/macbrou_le/,macbrou_le,495,081312231384,b'MAKARONI PANGGANGMacaroni Bolognese with Cream CheeseOrder via dm or wa 081312231384 (H-1)Gosend/Grab delivery/COD'
https://www.instagram.com/makaroni_uedan/,makaroni_uedan,98,081326979795,"b'MAKARONI UEDANFormar order:WA: 081326979795 (NO CALL)COD AREA SOKARAJA, PURWOKERTO dst'"
https://www.instagram.com/makaronimasbay/,makaronimasbay,18,081517412688,b'Makaroni @Setiabudi#TemanNgemilOpen Pre-OrderBuka setiap hariPengiriman mulai jam 14:00Order : DM & WA 081517412688'
https://www.instagram.com/makaroninona/,makaroninona,119,085710151910,"b'Makaroninona OfficialFood & BeverageSince 2018High Quality  Nagih""All made by order""Available at @.warkobungShopee/Tokped: makaroninonaofficialWA:085710151910See highlightshopee.co.id/makaroninonaofficial?smtt=0.0.9'"
https://www.instagram.com/makaroningehe_semarang/,makaroningehe_semarang,676,085855514037,b'MAKARONI NGEHE SEMARANG 7500JNE/JNT/WAHANA 085855514037 (Wa)Welcome ResellerOrder SHOPEE 7.499Langsung klik Link dibawahshopee.co.id/megaastore14'
https://www.instagram.com/makaroningeheklaten20/,makaroningeheklaten20,159,088238276951,b'Makaroni Ngehe KlatenOpen POSetiap hariReady setiap Sabtu@makaroningeheklaten ke blokir :(OFFLINE STORE (COD)DMOrWA 088238276951/088221080851Luar Kota  J&T/JNE'
https://www.instagram.com/makaroni_kezell_official/,makaroni_kezell_official,659,085775522000,"b'Makaroni KeZeLLAlamat : Jl Soemanta Diredja no 05, Pamoyanan Bogor Selatan Kota Bogor 16136 Jawa BaratReseller Info 08577 5522 000 ( Ihabudin )'"
https://www.instagram.com/makaroni.gila_kobar/,makaroni.gila_kobar,215,082385162731,"b'Makaroni GilaOpen order!!!INDO J&TBRIarea IAIN batusangkarKoto Baru, Solok, SumbarCOD min 5pcsOrder/tanya2 - DM / wa 082385162731Followed by pudinghauna'"
https://www.instagram.com/makaroni_rese/,makaroni_rese,556,087783375934,"b'makaroni rese official-id DPK-TANGSEL JNT,JNE,GOJEK & GRABORDER WA :08778337593408999558542FB : Makaroni Resewww.facebook.com/makaroni.rese'"
https://www.instagram.com/tempekacang_restu/,tempekacang_restu,235,6281291268480,b'tempe kacang khas MalangHigienisBisa kirimReady tiap hari di JemberReseller welcomewa.me/6281291268480Followed by menusiapsaji'
https://www.instagram.com/rizatemperatureshop/,rizatemperatureshop,12,081314856761,"b'Riza Temperature shopBerpengalaman menjadi reseller alat teknik, sparepart dan instrumentasi untuk memenuhi segala kebutuhan industri.WA only 0813-14856761'"
https://www.instagram.com/tempemanis.prajna/,tempemanis.prajna,62,081353944776,b'Tempe Manis Homemade Denpasar TimurOrder minimal H-1 081353944776 (WA)Gratis ongkir area DenpasarBisa untuk cemilan dan oleh-olehReseller Welcome '
https://www.instagram.com/o_emje/,o_emje,593,085649715075,"b'Sei Halal, Kopi, Yummy ThingsPemadam Kelaparan Pemberantas KehausanGofood: O Em Je! Sei & KopiGrabfood: O Em JePIC: 085649715075(WA)Selasa-Minggu: 08.30-21.30SENIN TUTUPgoo.gl/maps/VMKvBQmJa8xd5EZ7AFollowed by heymom_snack'"
https://www.instagram.com/canteen_thecafebogor/,canteen_thecafebogor,818,081288348817,b'Canteen the Cafe % halalThe Cafe BogorOwner Erni ErawatiFollow @ernierawati__Fast respon WA : 081288348817OPEN PO PEMPEK & TEKWAN dan request sesuai POFollowed by menusiapsaji'
https://www.instagram.com/kwetiausapi_roxy/,kwetiausapi_roxy,856,087880527378,b'KWETIAU SAPI ROXY|100% Halal open every weekdays and weekend 10.00 am - 10.00 pm Telp. 021-6330718 WA: 087880527378 Grab Food & Go food Partner for reservations Followed by jiu_khiun'
https://www.instagram.com/pastaneeta/,pastaneeta,699,081318530110,"b'Home made  Fresh  Halal Pasta, Klappertaart, Bread Pudding & Tiramisu/WA: 081318530110 Go-SendMADE BY ORDERPO (H-1)Jatimurni, BEKASIFollowed by tamiquekue'"
https://www.instagram.com/dapurb12/,dapurb12,25,6282223621990,b'Dapur B 12 | 100% Halal No MSGDepokShipping to Jabodetabek and BandungOpen JASTIP Multiple BrandMSGPengawetGosend / Jne Yes / Paxel BCAOrder wa.me/6282223621990Followed by risolesmontok'
https://www.instagram.com/ketanlicious/,ketanlicious,619,081348860004,b'KETANLICIOUSPedagang ketan sederhanaDelivery OnlyOrder: 0813 4886 0004Twitter: @ketanliciousbpnArea Balikpapan - KaltimINDONESIA'
https://www.instagram.com/ketankuningmakeches/,ketankuningmakeches,344,081310919526,"b'Ketan Kuning Mak EchesProduct/ServiceFor order contact:081310919526 (Whatsapp)@budipribadiDM slowrespon, langsung chat contact diatas yaawww.facebook.com/Ketan-Kuning-Mak-Eches-100864434927831/?modal=admin_todo_tour'"
https://www.instagram.com/kayaqu_/,kayaqu_,232,082111537969,b'Ketan Srikaya kayaQu Lokasi : Harapan Indah Bekasiorder wa: 0821-1153-7969tanpa minimum orderPO order H-1pengiriman  : gojek instan atau sameday'
https://www.instagram.com/kincadurianbetawi/,kincadurianbetawi,74,081281121994,"b'Ketan Kinca DurianKinca Durian Asli Betawi EndesCilandak, Jakarta SelatanMenerima pesanan untuk acara 081281121994'"
https://www.instagram.com/ketandurenkinca_bangumar/,ketandurenkinca_bangumar,19,088981077147,b'ketan duren kinca bang umarDURIAN MEDAN ASLIINFO - WA 088981077147#ketandurenkincabangumarGO-FOOD AJA.. '
https://www.instagram.com/abonk_kupie/,abonk_kupie,364,081218622456,"b'Kedai Kopi & Ketan SusuRasa Nikmat Harga Hemat 09.00 am - 23.30 pmWA 081218622456Jl. Bonjol No.75 Pondok Karya, Pondok Aren, Bintaro#eskopisusuabonk'"
https://www.instagram.com/bu2rjo_ketsu/,bu2rjo_ketsu,125,089992488556,b'ANEKA BUBUR dan KETAN SUSU order via GRAB DAN GOJEKOWNER: @sanozhy_achmad: 08999248855: Jl Meruya Ilir Raya No.61 Kb. jeruk Jakbarmaps.app.goo.gl/UMHKubo1TB2qvFJ5A'
https://www.instagram.com/ketandurianmanjalitha/,ketandurianmanjalitha,86,081217282999,b'Masakan RumahanPemesanan by call atau wa081217282999Jalan panjang jiwo IX no 9 surabayaBeli 10 gratis 1'
https://www.instagram.com/tapemboksu/,tapemboksu,313,085642038500,b'Tape Ketan Mbok SuSince 2006 : SoloMenerima pesanan dalam/luar kotaFast Response Order WA  085642038500 (Solo) 085647222406 (Jogja) 081327358827 (Jakarta)'
https://www.instagram.com/ketansusukasmaran/,ketansusukasmaran,906,085693778208,b'Ketan Susu Kasmaran. Buat CINTA Bikin LENGKET.by. @tera_ayuu & @cintaayuraga.ORDER by DM or WA Ketan Susu berbagai macam toping 085693778208 / 082243302012'
https://www.instagram.com/tapeuliketanpakharry/,tapeuliketanpakharry,472,089535990483,b'TapeuliketanpakharryWA / DM 0895359904830 / 083804435610bit.ly/3cM56Kr'
https://www.instagram.com/tapeuli_khasbetawi/,tapeuli_khasbetawi,921,083874622277,b'tapeuli Mpok Yatisistem POtanpa pemanis tanpa pengawetWA 083874622277 fast responCipinang Muara Jakarta Timur#makansiang#tapeulibetawiPemesanan klikbit.ly/tapeuli'
https://www.instagram.com/tapeuli512/,tapeuli512,384,087878384505,b'TapeUli512Masakan tradisional BetawiDibuat sesuai orderanMinat? POWa : 087878384505PO H-2Produksi setiap Senin Rabu & Jumat'
https://www.instagram.com/djuragan_tapeuli/,djuragan_tapeuli,244,081290824533,b'Jual Tape Uli BetawiBisa order Via wa 081290824533Atau langsung order di Tokopedia Tape Uli Asli Betawi Mpo Lileh (Djuragan Tape Uli)Asli Betawi Kalibatatokopedia.link/econTD8Sq5'
https://www.instagram.com/tapeulibundamega/,tapeulibundamega,31,082125090711,b'Tape uli Bunda MegaTape uli Bunda MegaAseli TangerangMakanan khas Betawi buatan Mamah tercintaManaged By @rfahlefi22Order PM / Call 082125090711'
https://www.instagram.com/tapeulimpoknyai/,tapeulimpoknyai,139,081293401870,b'Tape Uli Mpok NyaiTape Uli Makanan Khas Betawi100 % Ketan AsliFast Respon081293401870'
https://www.instagram.com/tapeuli_mpokyanti/,tapeuli_mpokyanti,176,085883019385,b'sri yantiOrder (WhatsApp) 085883019385Tape Uli Legit'
https://www.instagram.com/tapeuli2020/,tapeuli2020,541,081281162204,b'TAPE ULI ASLI BETAWITerima Hantaran /cateringMENU =TAPE ULIASINANPEYEKKRIPIK KACATENG TENGGABIN TAPEPAKET TENONG WA : 081281162204gmail.com'
https://www.instagram.com/olshophenny.tgr/,olshophenny.tgr,160,080021000878,b'Tape Uli Khas BetawiBismillahOpen Order Senin - Minggu 08.00 - 21.00Order Now : Wa 0878-7105-5268 Chat DM/ Coment di Pictures Grab/Gosend Same-day/instanttokopedia.link/7x5PnkseH6'
https://www.instagram.com/tapeuliazzahra/,tapeuliazzahra,26,089570301094,b'Tape Uli Az-ZahraTelp : 0895703010942'
https://www.instagram.com/tapeulifc/,tapeulifc,159,08121934240,"b'Tape Uli efceEx. Buaran Putra 96-95 Menjalin persaudaraan, Menjalin kekerabatan Buaran, Kota Bekasi Sparing Partner( Wa/Sms : 08121934240 )'"
https://www.instagram.com/dapur.nimi/,dapur.nimi,15,085619007280,"b'Tape Uli dan Lemang specialistWA : 08561900728 / 081310520301.Citarasa Tape Uli khas Betawi yg Melegenda, dan kini berkalolaborasi dgn legit nya lemang Khas Minang'"
https://www.instagram.com/tapeulibymaksaroh/,tapeulibymaksaroh,82,081388626650,"b'Tape Uli by Mak SarohMenyediakan Tape Uli Khas BetawiPengiriman via Gojek/ Grab BCA 081388626650 (WhatsApp Only) Jombang, Tangselwww.facebook.com/tapeulibymaksaroh'"
https://www.instagram.com/tapeulimpokaan/,tapeulimpokaan,128,082210861303,"b'Tape Uli Mpok Aan100% HOME MADE, Betawi asli!dikirim fresh 3 hari setelah pemesanan 0822-1086-1303 0812-9827-4652Jl. SMP258 Cibubur/Ciracas - Jkt Timur'"
https://www.instagram.com/tapeulimaknyak/,tapeulimaknyak,25,082221874434,b'tape uli dapoer mak nyakORDER VIA WA 0822-2187-4434.Asli buatan betawi tulen.'
https://www.instagram.com/tapeuli_bekasi/,tapeuli_bekasi,8,085779705269,"b'Tapeuli_bekasiProduct/Service Ready tape dan uli ketan  Harga dm aja yah,murmer ko Alamat : jalan nurul iman kampung dua rt 05/01Bisa diorder lewat Whatsapp : 085779705269'"
https://www.instagram.com/tapeulimpokindun/,tapeulimpokindun,12,6289539229842,b'TapeUliMpokIndunMakanan khas betawiUntuk pemesanan minimal H-5Send from Jakarta SelatanOrder via WAapi.whatsapp.com/send?phone=62895392298424'
https://www.instagram.com/tapeulinyakmu_bintaro/,tapeulinyakmu_bintaro,57,082113981247,"b""Tape Uli Nyak'muOpen order 1minggu sekaliReady setiap RabuLast order senin 0821 1398 1247Jl. Masjid baiturrahim , jurang mangu, tangsel"""
https://www.instagram.com/tapeuli.iburis/,tapeuli.iburis,83,089533106396,b'Tapeuli_Ibu RisJl.Taman Cisadanekp.Suka sarikel.Panunggangan BaratTangerang  IndonesiaTerima Pesanan / Order wa : 0895331063966 wa : 089604045155'
https://www.instagram.com/tapeulibudew/,tapeulibudew,7,08118709919,b'Tape ULI Bu DewTape uli bu dew @dewimirahratiTape uli dan manisan kolang kalingFor Order  08118709919Pengiriman via gojek or grabGrab is fast '
https://www.instagram.com/dapur.miah/,dapur.miah,18,087875912818,b'Tape UliMakanan Khas Betawi.Pre-Order | HomemadePengiriman dari Jakarta SelatanGo-Send/Grab DeliveryOrder via Whatsapp 087875912818.Link Whatsappwa.me/6287875912818'
https://www.instagram.com/djadjanan_betawi/,djadjanan_betawi,44,082125332069,"b'Tape Uli ""Mpok Ulay""order ? price ? contact person 0821-2533-2069 :)menggunakan sistem PO. melayani wilayah depok dan sekitarnya. pengiriman melalui Gosend atau COD.'"
https://www.instagram.com/fatimah_tapeuli/,fatimah_tapeuli,69,089533007074,"b'ORDER TAPE, ULI, & DODOLKami melayani penjualan aneka makanan khas kota Kranggan Bekasi diantaranya TAPE KETAN, ULI, & DODOL KRANGGAN (ASLI)0895330070748'"
https://www.instagram.com/irma300385/,irma300385,62,085780460269,b'Tape Ketan UliUntuk pemesanan silahkan chat 3 hari sebelum nya yakk atau WA ke 085780460269'
https://www.instagram.com/tapeulinyaummi/,tapeulinyaummi,74,089601675710,"b'Tape . Uli . khas BetawiKetan AsliKhasnya BetawiResep Terbaik Keluarga.For Order Wa : 089601675710Jatirahayu, Pd melati, Bekasi'"
https://www.instagram.com/saladbuah_senorita/,saladbuah_senorita,855,080022000812,"b'Salad buah Seorita 11 - juli - 2019 08.00 - 22.00 ( buka setiap hari ) Wa 0812 9063 9669 order via Go Food/Grab Food/Shopee Halal,tasty,fresh,healthy .gofood.link/u/0KBKO'"
https://www.instagram.com/saladtanteku/,saladtanteku,607,628119218080,b'SALAD TANTEKU (salad buah)Open dropship and resellergrab/gojek dari kebon jeruk jakarta baratshopee : debitrifenatokopedia : saladtantekuapi.whatsapp.com/send?phone=628119218080Followed by nasimandhiabah'
https://www.instagram.com/saladbuahmaiia.jaktim/,saladbuahmaiia.jaktim,488,087788443722,b'SALAD BUAH MAIIAJAKARTA TIMURGO-FOOD: SALAD BUAH JAKTIMMANUAL ORDER: 087788443722'
https://www.instagram.com/saladbuahsusubogor/,saladbuahsusubogor,978,087873455496,"b'Salad Buah PremiumSalad Buah Susu pertama di Bogor Halal, No Mayo, No RhumOrder:DM (Fast Respons)WA 087873455496 (no call)'"
https://www.instagram.com/saladbuahbundahanim/,saladbuahbundahanim,191,085648698437,b'salad buah bunda hanim bekasiWa : 0856-4869-8437 0856-4869-8437Bisa diorder viagrabfood  salad buah segar karang satriauntuk gofood bisa langsung klik link dibawah ini gofood.link/u/AGyAq'
https://www.instagram.com/kremabowls/,kremabowls,292,6285711331166,b'Salad Buah CreamyKrema Bowls by @kathleenvictoriaa Accepting order via DM or WA Pre Order Every Wednesday and SaturdayHALALwa.me/6285711331166'
https://www.instagram.com/yayuks.kitchen/,yayuks.kitchen,278,081231302028,"b""SALAD BUAH |DESSERT SIDOARJOSIDOARJOFresh & DeliciousGRABFOOD/GOFOOD:Salad Buah Yayuk's KitchenFree Ongkir min. 50k (Sidoarjo Kota)WA : 08123130202Info Promo, KLIKlinktr.ee/yayuks_kitchenFollowed by moondimsum88.bali"""
https://www.instagram.com/luzalad/,luzalad,521,6281387187394,"b'Salad Buah EnakKp. Masjid Bojonggede Bogor(COD Bojonggede Sekitarnya)(GRAB,GRABFOOD)Open PO by IG StoryFresh & Yummy!!!Tanya via DMOrder By WAapi.whatsapp.com/send?phone=6281387187394'"
https://www.instagram.com/bosalad/,bosalad,503,081905055978,"b""Salad buah Go Food Fresh n' Premium Ingredients Creamy Original (Mayones) Ready Creamy Yoghurt (NoMayones)-PO ColdPressJuice-PO WA 081905055978"""
https://www.instagram.com/warna125/,warna125,312,082123616298,"b'Salad buah 12,5Order thru :@gofoodindonesia@grabfoodidKemangJalan benda,Gg masjid No.36082123616298PetukanganJl pendangan 4,Pesanggrahan081388243622gofood.link/u/vdWy5'"
https://www.instagram.com/buah_saladsegar/,buah_saladsegar,404,082315007798,"b""Salad Buah D'Hust!Spesialis Salad Buah 082315007798 (WA)Outlet Jalan Raya kebon jeruk no.8 Jakarta barat Ciledug , Jalan KH Hasyim Ashari Jaksel (Soon)"""
https://www.instagram.com/dapur.ghaisyanie/,dapur.ghaisyanie,723,085691625494,"b'SALAD BUAH & SAYUR, TUMPENGFood TechnologySejak 2017Akun kedua @dapur_ghaisyanie 0856 91625494 Pusat 0858 17454372 Depok 0812 97504590 MABES Cilangkap'"
https://www.instagram.com/saladbuahnambahlagih/,saladbuahnambahlagih,809,085719154443,b'SALAD BUAH NAGIHPRE ORDER1-24 pax : IGStory>=25 pax (H-3 delivery)BUAH SEGAR NON KALENGTANPA PENGAWETLIST PO+Full Transfer(H-2) Gosend InstanWA085719154443'
https://www.instagram.com/pandan_suji/,pandan_suji,4,085230072304,"b'bakul kue pandan sujiSilahkan orderGofood /go sendNo/wa=085230072304PO H-1 (minimal)Kualitas premium Harga MinimumHigienis,fresh dan good packaging'"
https://www.instagram.com/pandan_arum_pacitan/,pandan_arum_pacitan,305,087758408450,b'Pandan Arum Roti dan KueIndustrial CompanyPEMESANAN HANYA MELALUI NOMOR TELP / WHATSAPPNo. Telp / WA: 087758408450'
https://www.instagram.com/kuetradisipandan/,kuetradisipandan,386,081215673659,"b'Kue Tradisi Pandan WangiKue Tradisi Pandan WangiDelivery By GoJek, Go Shop, Grab FoodWhatsapp 081215673659 / 081325995857OldFriendsCafe Jln.dr.Angka No.80 Purwokerto'"
https://www.instagram.com/carabikang_cms/,carabikang_cms,79,082115945577,b'K U E P A N D A NFounder : @reynaldi.gmORDER WA : 082115945577TERIMA PESANAN DALAM JUMLAH BESARORIGINAL 1000/Pcs (min pembelian 20pcs)FREE ONGKIR CIAMIS KOTA'
https://www.instagram.com/serabipandan_69/,serabipandan_69,17,087889056208,"b'KUE SERABI PANDANCINTA INDONESIA?MAKAN MAKANAN KHAS INDONESIA!!!: 0878890562 (WA): Chat 08:00-20:00: senin-sabtu: Jl.serengseng raya,no 36Amy.blogspot.com'"
https://www.instagram.com/roemah.cake/,roemah.cake,50,6281221440567,b'Toko Kue Pandantiva | ReadyEst.2010Open 07.30-22.00 (setiap hari)WA : +6281221440567WA : +6281221645386Fast ResponseBanjarsari-Banjar DOTanpa testi pun terpercaya 100%'
https://www.instagram.com/hejo_pandan/,hejo_pandan,78,081250513448,b'Kue Hejo Pandan by Mama AisWA: 081250513448'
https://www.instagram.com/kuekeringpandanwangi/,kuekeringpandanwangi,124,085649825054,b'Kue Kering PandanwangiJl.LA.sucipto gang 21 no.5 pandanwangi Malang order hubungi 085649825054'
https://www.instagram.com/pandanwangikue/,pandanwangikue,298,085649825054,b'Kue Kering PandanwangiJl.LA.Sucipto gang 21 no.5 Pandanwangi Malang Jawa Timur 085649825054'
https://www.instagram.com/rumahkuepandansari/,rumahkuepandansari,76,081328314354,b'Rumah Kue PandansariPandansari Sumberrejo MertoyudanMAGELANGWA 081328314354'
https://www.instagram.com/cheesecake.srikayapandan._pkp/,cheesecake.srikayapandan._pkp,86,082248601260,"b'kue srikaya pandan,cheese cakeCheese cake 3rb 1cupSrikaya pandan 2rb 1cupDelivery seputaran pangkalpinangMinimal 20.000Jauh + ongkir082248601260Gabek 2,gg baong pangkalpinang'"
https://www.instagram.com/pandan_kue/,pandan_kue,123,081336239122,"b""PandankueSnackbox, B'Day cake, bakery, kue basah, kue kering, & jajanan tradisional.SidoarjoWA text call : 0813-3623-9122"""
https://www.instagram.com/kuepia.pandanwangi/,kuepia.pandanwangi,104,081216029994,"b'Kue & Pia PandanwangiMenerima pesanan :- Acara khitanan- Acara nikahan- Acara Tasyakuran,DllTersedia macam - macam kue kering & PiaCP: 0812-1602-9994~ Asli Jombang ~'"
https://www.instagram.com/kue_lumpur_padan/,kue_lumpur_padan,19,085782524107,b'kue lumpur pandanJika berminat silahkan hubungiKe Facebook saya : @ mutia WatiAtau ke nomor WhatsApp : 085782524107Atau bisa melalui SMS ke nomer WAPOCOD'
https://www.instagram.com/pandanwangi_roti_kue/,pandanwangi_roti_kue,184,087843116777,"b'Pandan Wangi Roti & KueJl. KH. Agus Salim No. 6 Kepek, Wonosari, Gunungkidul, Yogyakarta, 55813Telp. 087843116777, 081229864050'"
https://www.instagram.com/soibillah/,soibillah,39,085640640010,b'sabilla kue (kue talam pandan)Telf WA 085640640010/085290090059Cepiring - kendalHanya di kue talam sabilla yg menggunakan bahan alamiHome made'
https://www.instagram.com/rotipisangpandan/,rotipisangpandan,4,081299623924,"b'Roti Pisang (BJB) | Kue BanjarRoti Pisang, Senja dan Kopi Aroma Pandan dan Pisang yang memikatMari pesan sekarang !! WA : 081299623924 FB : @rotipisangpandan'"
https://www.instagram.com/sakura.homemade/,sakura.homemade,53,085227757126,"b'Buko Pandan,Bakso Bang PeciBuko pandan &mango sagoBakso sehat Bang Peci (100% sapi tanpa campur ayam)Kebumen KotaHalal,higienis,menggunakan bahan premiumOrder via wawa.me/085227757126'"
https://www.instagram.com/mamamasakenak/,mamamasakenak,545,6281839838840,"b'Nastar Wijsman PREMIUMSPECIALTY :#NastarPremium #SelaiKayaAsli#KueLapisPremium#NasiTimAyam #Bakcang.Sunter, Jakarta Utara.PRE ORDER klik api.whatsapp.com/send?phone=62818398388&text=Halo+%40mamamasakenak%0ASaya+mau+order%3AFollowed by jiu_khiun'"
https://www.instagram.com/fineapple.cakery/,fineapple.cakery,562,085947440998,"b'PREMIUM NASTAR Next PO: Senin, 22 JuniPremium pineapple tarts No preservatives Premium ingredientsGroup: @mylkbar.idWA: 0859 4744 0998wa.me/6285947440998'"
https://www.instagram.com/hennyskitchen.id/,hennyskitchen.id,804,6281212930834,"b'Dimsum Frozen | NastarREADY STOCK FROZEN DIMSUMEST. 2018Homemade100% Halal, No PorkReseller Welcome GoSend, Grab Instant/ SamedayOrder via: DM/WA- 6281212930834linktr.ee/hennyskitchen.id'"
https://www.instagram.com/nastar_tho_shien/,nastar_tho_shien,589,087878777300,b'nadiabellaNastar Tho ShienHomemade tanpa bahan pengawet  TERIMA PESANAN - lapis legit- nastar- tarsusu / dll.Jakarta - pusatWA : 087878777300'
https://www.instagram.com/nastarmurah/,nastarmurah,108,081294012007,b'Promo Nastar Murah!!Yuk diorder!Nastar murah untuk cemilan kamu sehari hariWhatsApp : 081294012007'
https://www.instagram.com/magipatisserie/,magipatisserie,773,6281263788433,"b'M A G I | NASTAR | CHIFFONJambiWith Premium ingredients only, no preservative & HalalFor orders and inquiries reach us through: DM WA +62 812 63788433MADE BY ORDER'"
https://www.instagram.com/nastar_premium_malang/,nastar_premium_malang,47,089535941837,b'spesial nastar premium malangOrder kue nastarEnak legitBahan terbaikNon pengawetCurhat via wa 0895359418377bisa kirim2 (malkot free ongkir)#nastarpremium #spesialnastar'
https://www.instagram.com/otak_otak_oma/,otak_otak_oma,148,6285921862597,b'Otak Otak OmaDIJAMIN ENAKOtak / pack isi 10pcs Rp 60rb- sambal merah (asam pedas)- sambal kacang (gurih)LocationJakarta BaratGrabfoodFor order klik link :wa.me/6285921862597'
https://www.instagram.com/otak.otakpalembang/,otak.otakpalembang,108,081994990866,"b'Otak Otak PalembangAsli Ikan TenggiriTersedia Otak-Otak , Pempek Kulit ,Susu Kedelai ( soya milk )Tangerang Order  WA 081994990866'"
https://www.instagram.com/otak_otak_bangka/,otak_otak_bangka,702,081278099806,"b'Kuliner khas Belinyu BangkaTerima Pesanan :Otak2 tenggiriPempek udangPempek ikan, sate ikan, kulit tenggiri%Asli tanpa pewarna n pengawetVia gojekWA : 081278099806'"
https://www.instagram.com/otak_otak.ikan/,otak_otak.ikan,106,6281388910126,"b'OTAK-OTAK RENALSILAHKAN KLIK LINK UNTUK KONTAK WAMENERIMA PESANAN DALAM JUMLAH BANYAKGoFood : Otak-otak renal Puri cendana, Tambun selatan, Bekasiwa.me/6281388910126'"
https://www.instagram.com/otak_otak_aling/,otak_otak_aling,67,081213077778,"b'OTAK OTAK ALINGOtak-Otak BakarAsli Ikan TenggiriPemesanan :081213077778087887263006 (Whatsapp)Lokasi :Teluk Gong, Jakarta Utara'"
https://www.instagram.com/otakotakamoy/,otakotakamoy,130,087780493481,"b'Otak Otak Amoy""Otak - Otak Asli Bangka Belinyu""Jakarta Barat, Taman Ratu 087780493481 Delivery with Gojek/Grab'"
https://www.instagram.com/otakotakaguri/,otakotakaguri,48,6281398807755,"b'Otak Otak AguriBagi yang lapar , Suka cemilan sehat ,No MSG , No pengawet #homemade Langsung pesen guyswa.me/6281398807755'"
https://www.instagram.com/otakotak.kapalterbang/,otakotak.kapalterbang,491,6287781845506,b'OTAK-OTAK KAPAL TERBANGProduct/ServiceSince 1999.FRESH FROM FACTORYApproved by MUI & KEMENKESDelivery all around IndonesiaMade by order!Order via WhatsApp only: +62 87781845506'
https://www.instagram.com/otakotakmertua/,otakotakmertua,87,08111095551,"b'Otak otak MertuaFood & BeverageOtak otak ikan tenggiri asli, dijamin pasti ketagihanDM for order : WA 08111095551'"
https://www.instagram.com/otak_otak_hens/,otak_otak_hens,15,081316668896,b'Otak Otak HensOtak otak Hens asli dari ikan tenggiriDi jamin enak dengan sambal kacang10pcs /pack harga idr 50.000Order PO WA 081316668896/081311195881'
https://www.instagram.com/otakotakawi/,otakotakawi,851,081806811296,b'Ferry HendraOtak-otak dan pempek AWIHow to order : By DM By WA 081806811296Thank You #otakotakbangka#otakotak#otakotakenak#otakotakmurah'
https://www.instagram.com/otakotak_kembar/,otakotak_kembar,517,089560994023,"b'OTAK-OTAK BAKAR & GORENG@novariana.10 @noviriani.10SINCE 2018  Only 1.000-an 0895609940238 (NO CALL) Goshop, Gosend, KurirTeluk Betung Timur, Lampung'"
https://www.instagram.com/otakotakmakassar.nat/,otakotakmakassar.nat,524,081806850333,"b'OTAK"" MAKASSAR CIK NAT""OTAK OTAK MAKASSAR Jakarta(Kelapa Gading)100% Asli dari ikan tenggiri08180685033370.000/porsi isi 10 bijipickup Gojek/GrabFAST RESPON api.whatsapp.com/send?phone=6281806850333'"
https://www.instagram.com/dapoernyonya.id/,dapoernyonya.id,95,085774352777,"b'Pempek - Otak-otak - TekwanMade by orderDibuat menggunakan ikan tenggiri berkualitas BekasiKirim JKT by Paxel , GRAB , GOJEKWA : 085774352777 / 081317268366'"
https://www.instagram.com/otakotaksuper/,otakotaksuper,114,087773457888,b'Otak Otak Tengiri SUPERBest Otak Otak Tenggiri in Semarang.Since 1995.100% Ikan Tenggiri Asli100% Higienis100% Bahan Baku PremiumWA: 08777-345-7888Available at Go-Food'
https://www.instagram.com/otakotak.apo/,otakotak.apo,71,087775214284,b'otak otak apoOtak-otak khas Bangka dgn 100% ikan tenggiri dan sambal terasi yang khas dengan Family recipe.Further info/WA : 087775214284 : BSD'
https://www.instagram.com/pempek.otaota/,pempek.otaota,63,6285267527746,b'Pempek Otak-otak | Pempek Satehomemade with fresh and premium ingredients Ikan Tenggiri Asli Halal DM or WA for orderingbisa langsung klik link dibawah iniwa.me/6285267527746'
https://www.instagram.com/otakotakgue/,otakotakgue,32,6281288666853,"b'otak-otak gue""Suka-suka gue""Whatsapp +6281288666853'"
https://www.instagram.com/tokomama.bdg/,tokomama.bdg,535,6285105068880,b'Otak-Otak Ikan Tenggiri mama makes it at her home with her old recipeCook with @saladmasterCONTACT +6285105068880 BandungDELIVERY Go-Send'
https://www.instagram.com/otakotakputri/,otakotakputri,89,6281292783544,b'Otak Otak PutriOtak otak bakar tradisional Tangerang.100% Ikan TenggiriNO MSGNO PengawetOrder Click Link Below: wa.me/6281292783544'
https://www.instagram.com/otakotak_sambelendol/,otakotak_sambelendol,69,087875027788,b'Otak-Otak Sambal EndolHome Made100% Ikan tenggiriFor order WA 0878 75027788Order Preferably D-1'
https://www.instagram.com/otakotakalew/,otakotakalew,672,081214588822,b'otakotakALEW - khas BangkaSince 1995 Otak-otak ikan Pempek Wedang ronde Kembang tahu Susu kedelai/WA 0812-145-888-22 16.00-21.30 WIBOrder by Grabfood or GoFoodlinktr.ee/otakotakalew'
https://www.instagram.com/mendoangaruda/,mendoangaruda,145,082135537723,b'mendoan garudaJl gunung plana 268 purbalinggaPhone/WA:082135537723Buka dari jm 16.00--21.00Followed by moondimsum88.bali'
https://www.instagram.com/mendoanaq/,mendoanaq,40,6281294498882,b'Mendoan Enak Khas BanyumasSejak 2010Tanpa MSGPilihan Terbaik untuk SantapanmuSiap Antar Go-send PaxelGo-Food (coming soon)Dapat dipesan melaluiWA +62 81294498882'
https://www.instagram.com/mendoanlegenda/,mendoanlegenda,266,081310001937,"b'Mendoan Legenda: Mendoan Ori, Mendoan Isi Sosis-Telur, Mozarella dll Perumahan Legenda Wisata Ruko Little China JA-01 Cibubur: 0813-1000-1937: Go-Jek & Grfb.com/mendoanlegendaris'"
https://www.instagram.com/srotoelingeling/,srotoelingeling,100,081298668633,b'Sroto & Mendoan Eling-ElingLokasi : Jl. Kyai Maja No. 21 (0812 9866 8633) Jl. K.H. Abdulahsyafei No. 1C (021 830 8662) Jl. Tebet Utara 1 No. 49C (021 829 3415)'
https://www.instagram.com/kedaimechan/,kedaimechan,53,085695065590,b'MENDOAN DAN TAICHANFood StandAkun baru dari @kedaitaichan_ Order via DM/WA : 085695065590 (owner). Go-Food on process Buka mulai pukul 16:00 - 21:00Lokasi maps.app.goo.gl/B4CyNsu2YmGJasJK9'
https://www.instagram.com/mendoan1.jkt/,mendoan1.jkt,132,083863212334,b'Hampers Mendoan Mendoan Toko Sawangan No 1 PurwokertoPromo ongkir DKI JKT cuma 5rb pembelian paket soto sokarajaJakarta Selatan083863212334 (WA Only)'
https://www.instagram.com/mendoan.purwokerto/,mendoan.purwokerto,349,082326067157,"b'Mendoan PurwokertoHomemadeFresh from the kitchenHalal, higienis, berkualitas & bergiziOpen Kemitraan & ResellerHub WA 0823-26067157shopee.co.id/nta.untari'"
https://www.instagram.com/mendoan_fals/,mendoan_fals,22,081387610154,b'MENDOAN FALSEmail: Mendoanfals@gmail.comTelp: 081387610154Open: 15.00 - 23.00Alamat : Jl.Rambutan Kelurahan Manggarai Selatan.Tebet .Manggarai Selatan.12860mendoan-fals.business.site'
https://www.instagram.com/mendoanmawar/,mendoanmawar,139,081284224970,b'Mendoan MawarJl Moch Kahfi I No 27 RT. 3 / RW.4 Jagakarsa(Samping RM Betawi Bang Awan) Senin - Minggu 5 Sore - HabisTerima Pesanan 081284224970'
https://www.instagram.com/mendoanistana/,mendoanistana,538,085945649849,"b'Mendoan IstanaSensasi tempe goreng citarasa khas Banyumas.Murah tapi tidak murahan: kere bisa beli, Presiden bisa menikmati.WA only 085945649849www.mendoanistana.blogspot.com'"
