https://www.instagram.com/esrujakbuahnyai/,esrujakbuahnyai,284,085640208258,"b'Dapur_Nyai_BekasiLocal Business""Jajanan khas Indonesia dengan kualitas bahan no 1"": 085640208258 (Wa only) : Bekasi Barat : Instant,sameday,paxel : Terima pesanan besar'"
https://www.instagram.com/dapurwiy/,dapurwiy,145,087888401110,"b'Nasi Bakar BekasiJakarta RujakNasi Bakar PremiumRujak PremiumHomemade & healthy foodFor gifts,events & businessWA 087888401110Bekasi- KranjiKayuringinJaya'"
https://www.instagram.com/rujakangkung_tehsusi/,rujakangkung_tehsusi,63,085710596744,b'RUJAK KANGKUNG BEKASIRASANYA NAGIH100% HalalHomemade Tanpa pengawet COD/GOSENDBEKASIORDER  DM!WA:085710596744 Ready H+1 setelah order'
https://www.instagram.com/rujak_pangsit/,rujak_pangsit,117,089679092137,"b""Rujak Pangsit Bekasi @afiqafza , @pangestutianggreini Sistem Open PO yaaa...( PO Senin - Jum'at )Bisa COD/Delivery OrderDm/Wa : 089679092137"""
https://www.instagram.com/rujakbangkoknenk/,rujakbangkoknenk,61,081294326822,b'RUJAK BANGKOK BEKASIPersonal Blog#RUJAK BANGKOK#MANGGO STICKY RICE#PUDING#SALAD BUAHCALL / WA 081294326822'
https://www.instagram.com/rujaksosis/,rujaksosis,12,081514893581,b'Rujak Sosis BekasiBekasiCOD Sekitaran BekasiWa 081514893581'
https://www.instagram.com/juragansnackbekasi/,juragansnackbekasi,67,081879681225,b'Jual Rujak Cireng di BekasiEst.2019Part of @nahcollectionshopSummarecon Bekasi0818796812 (No Call!)JNE/Gosend/COD (Bekasi)BCA/BRI/Cimb Niagatokopedia.link/Qsfp2eSlB5'
https://www.instagram.com/sambalrujak.planetbekasi/,sambalrujak.planetbekasi,35,081317516985,b'Sambal Rujak Planet BekasiKitchen/Cooking MERESAP KE HATI PEDASNYA (MARS) WA 081317516985 DIJAMIN DOWER '
https://www.instagram.com/rujakcirengsalju_bekasi/,rujakcirengsalju_bekasi,41,087885290781,"b'Raja CemilanDISTRIBUTOR CIRENG SALJU BEKASIWhatsapp: 087885290781Bbm: 54dcbdcfline: rajacemilan BCA, BNI, BRI JNE bekasiVery Wellcome Reseller'"
https://www.instagram.com/di.beliyukss/,di.beliyukss,45,085782601938,b'SUKI TOMYAM BEKASISUKI TOMYAMWA : 0857-8260-1938 : Sicepat / JNE : Gosend / Grab Express ( Instan / Same day) : BekasiPesanan lewat shopeeshopee.co.id/yunitarachmdn?smtt=0.0.8'
https://www.instagram.com/kue.bekasi/,kue.bekasi,93,089689296980,b'Kue BekasiKUE BEKASIDM/wa 0896-8929-6980.Terjamin HALALNo pengawetHome Made#bekasi#kulinerbekasi#kuebekasi#murah'
https://www.instagram.com/pudinghiasbekasi/,pudinghiasbekasi,208,628111542911,"b'PUDDING ART & KUE ULTAH BEKASIPemesanan maks H-2 :Puding full susu, tanpa +airhttps://api.whatsapp.com/send?phone=628111542911Pondok GedeInstagram : @dapurkaruniabunda'"
https://www.instagram.com/sevencake777/,sevencake777,117,085277778218,b'Terima Pesanan Kue Bekasiorder via whatsapp:085277778218Bisa antar sejabodetabek #terimapesanankue #cakeultah #cakedecorating #cakebekasi #cakeanak #cakepernikahan'
https://www.instagram.com/kuesusterenak_bekasi/,kuesusterenak_bekasi,197,081366509638,b'JONSOE (Aneka kue Bekasi)Kue Sus terenak di Bekasi. INFO/ORDER H-1 081366509638/087885464459 DELIVERY Bekasi & Jkt by Gosend /Gocar#kuesus#kuesusbekasi#kueenakwa.me/6287885464459'
https://www.instagram.com/bursakuenusantarabekasi/,bursakuenusantarabekasi,880,082211144415,b'BursaKueNusantaraContact Person :WA 082211144415WA 082210000711WA 082210000071WA 085770857759www.tokopedia.com/bursakuenusantara'
https://www.instagram.com/ringkue_bks/,ringkue_bks,81,089533128605,"b'Ring Kue BekasiHOMEMADE & HALAL COOKIES---------------------DM for more informationOrder here: 0895331286057 (Whatsapp)JNE & GoSendBintara, Bekasi Barat'"
https://www.instagram.com/apc.tokokuebekasi/,apc.tokokuebekasi,683,089532080966,b'Donat Brownies PizzaToko Kue HALALWA 0895320809669Kirim-kirim luar JABODETABEK via JNE#donat#brownies#pizza#kuekeringpremiumO R D E R K L I K   wa.me/62895320809669'
https://www.instagram.com/serenakuebekasi.agen/,serenakuebekasi.agen,60,081290773160,b'SERENA KUE BEKASITHE QUALITY YOU CAN TASTEHomemade Premium Cookies Contact / Order 08129077316 (WA)085773392275 (WA)'
https://www.instagram.com/mumtaztbk/,mumtaztbk,890,082322034148,b'Toko Bahan Kue Bekasi MumtazMenjual bahan-bahan kue. Aneka cetakan. Kursus pembuatan kue0823-2203-4148 (WA)shopee.co.id/wizbakingshop?smtt=0.0.9'
https://www.instagram.com/macamkuebekasi/,macamkuebekasi,55,081293548278,b'MacamkuebekasiOwner @ecinsyahsunaryaAneka kue tradisionalWa/Tlp 081293548278#kuetradisional#kuebekasi#jajananpasar#homemade'
https://www.instagram.com/hallo_kuebasah/,hallo_kuebasah,210,6281212504108,b'  Asli buatan sendiri (home made)sejak tahun 1999Pasar Pamor Blok B 8 Wanasari-CibitungCibitung-Tambun-BekasiOwner @ritamulliyfor orderapi.whatsapp.com/send?phone=6281212504108'
https://www.instagram.com/kuebolubekasi/,kuebolubekasi,285,081322436382,"b'Homie CakeBe happy with the tasty WA(no call) 081322436382shopee.co.id/januarirawanBekasiFresh baked,premium quality#fudgebrowniesbekasi #kuebolubekasi'"
https://www.instagram.com/kue.kitabekasi/,kue.kitabekasi,29,081297067404,b'Kue KitaOrder by WA : 081297067404wa.me/6281297067404'
https://www.instagram.com/bahan_kue_maestro/,bahan_kue_maestro,467,089651707113,"b'bahan kue bekasi MAESTROContact for orderWa: 089651707113Jl.h.basyar No 275 E ,jaticempaka.pondok gede bekasi'"
https://www.instagram.com/kuekeringjadoel/,kuekeringjadoel,59,089654504501,"b'Kue kering Bekasi UtaraKeripik singkong, Kue bawang & Akar kelapawhatsapp:@ariseptiyani 0896-5450-4501JNEGrab ExpressGoSend'"
https://www.instagram.com/joyeuxcookies/,joyeuxcookies,44,081807461112,"b'KUE KERING BEKASIOPEN ORDER#homemade #joyeuxfriendsContact us (WA) : 081807461112Shipping via: Grab, Gojek, PaxelBekasi'"
https://www.instagram.com/toko_kue_tiara/,toko_kue_tiara,967,081381307430,b'Toko Kue Tiara bekasiMbak PitaPasar Gading Tanah merah bekasiFor order tlp/wa 081381307430#kuebekasi #tokokuebekasi'
https://www.instagram.com/canducokelat/,canducokelat,50,082129516496,b'kue kering bekasi since 2019 real picture 100% homemade made by order tanpa bahan pengawet 0821 2951 6496 part of @jasminebyatikah'
https://www.instagram.com/eldrich_kitchen/,eldrich_kitchen,219,089687758949,b'Sentra Kue KeringBasah Bekasi@hendra_yaneHomemade kue kering-basah #boxlebaran #hamperslebaran#hampers #kuelebaranWA:0896-8775-8949Toko Anting @eldrichstoreOrder klikgoo.gl/uM118i'
https://www.instagram.com/parcelkuebekasi/,parcelkuebekasi,166,081310810081,"b'Kirim Parcel Lebaran Parcel Buah, Snack,Tea Set Free Kartu UcapanNO DMOrder  TRANSFER  KIRIM Amanah & Terpercaya Tidak Melayani CODOrder 081310810081'"
https://www.instagram.com/hampersbekasi/,hampersbekasi,18,081281701373,"b'Hampers Kue KeringContact Person:081281701373 (ZAKI)085890012726 (NABILAH)KOMP. SBS, Kel. Harapan Jaya Kec. Bekasi Utara'"
https://www.instagram.com/tari.citarasa/,tari.citarasa,58,081914478066,b'Kue BekasiChat wa : 0819-1447-8066'
https://www.instagram.com/kuebasahbangthoyib/,kuebasahbangthoyib,37,080017000800,"b'Risol dan Frozen Food BekasiDibuat langsung sesuai pesanan Ready Setiap hari Instant (08.00-17.00) & Sameday (08.00-14.00) Bekasi, Harapan Jaya Pesan, klik linktr.ee/kuebasahbangthoyib'"
https://www.instagram.com/cemilankuenak.id/,cemilankuenak.id,104,6289616799330,b'CEMILAN MURAH ENAK BEKASIANEKA CEMILAN HOME MADEOrder atau tanyaklik link wa.me/6289616799330'
https://www.instagram.com/kuekeringjadoel/,kuekeringjadoel,59,089654504501,"b'Kue kering Bekasi UtaraKeripik singkong, Kue bawang & Akar kelapawhatsapp:@ariseptiyani 0896-5450-4501JNEGrab ExpressGoSend'"
https://www.instagram.com/joyeuxcookies/,joyeuxcookies,44,081807461112,"b'KUE KERING BEKASIOPEN ORDER#homemade #joyeuxfriendsContact us (WA) : 081807461112Shipping via: Grab, Gojek, PaxelBekasi'"
https://www.instagram.com/canducokelat/,canducokelat,50,082129516496,b'kue kering bekasi since 2019 real picture 100% homemade made by order tanpa bahan pengawet 0821 2951 6496 part of @jasminebyatikah'
https://www.instagram.com/kuekering_bekasi_/,kuekering_bekasi_,8,081398748441,"b'JUAL KUE KERING TERMURAH Follow  @kuekering_kukerPREMIUM PRODUK Homemade JNE, J&T, Paxel, Gosend Grosir & Ecer Welcome Reseller 0813-9874-8441ORDER NOWbit.ly/OrderKukerYuk'"
https://www.instagram.com/eldrich_kitchen/,eldrich_kitchen,219,089687758949,b'Sentra Kue KeringBasah Bekasi@hendra_yaneHomemade kue kering-basah #boxlebaran #hamperslebaran#hampers #kuelebaranWA:0896-8775-8949Toko Anting @eldrichstoreOrder klikgoo.gl/uM118i'
https://www.instagram.com/hampersbekasi/,hampersbekasi,18,081281701373,"b'Hampers Kue KeringContact Person:081281701373 (ZAKI)085890012726 (NABILAH)KOMP. SBS, Kel. Harapan Jaya Kec. Bekasi Utara'"
https://www.instagram.com/kuker_by_hani/,kuker_by_hani,10,628128765258,b'Kue Kering Bekasi Kue kering bahan premiumHome Made Higienis RenyahEnakMurah meriahMelayani COD daerah Bekasi - Jakarta TimurOrder api.whatsapp.com/send?phone=628128765258'
https://www.instagram.com/bolu_kue_kering_murah_bekasi/,bolu_kue_kering_murah_bekasi,402,082261128425,"b'BOLU-KUE KERING MURAH BEKASI bahan pengawet. Homemade!ANEKA BOLU, KUE KERING&masakan rumahan wa/sms/tlp 0822611284Shopee : https://shopee.co.id/doaibu_252018/143890768www.tokopedia.com/makanan-homemade?utm_source=Copy&utm_campaign=Shop&utm_medium=Android+Share+Button'"
https://www.instagram.com/kuekering.bekasi_/,kuekering.bekasi_,45,081316425676,"b'KUE KERING BEKASI TERMURAH @kuekering_kuker @testimoni.kuker Homemade 0813-1642-5676Jabodetabek :  Go-Send/Grab  JNE, J&T, Tiki, dan Wahana.ORDERbit.ly/2ssXd7m'"
https://www.instagram.com/paketcookiesbekasi/,paketcookiesbekasi,109,081297372553,"b'Kue Kering Cookies BekasiPusat Grosir Kue Kering Bekasi, Grosir Cookies Lebaran Bekasi, Grosir Kue Lebaran Bekasi #kuekering #cookies | Call Wa 0812 9737 2553bit.ly/OrderCookiesBekasi'"
https://www.instagram.com/neekiss_kuekering.bekasi/,neekiss_kuekering.bekasi,15,087888852254,"b'NeeKissMenjual berbagai jenis kue kering.Pengiriman dari kota Bekasi0878-8885-2254 Wa only, no callHanya wilayah Bekasi & sekitarnya Gojek/Grab'"
https://www.instagram.com/kuekeringmurahbekasi/,kuekeringmurahbekasi,37,089999788942,b'Jual kue kering Murahjual nastar keju 30rb @250grjual kastengel keju 30rb @250grpakai keju parmesan & edamWA 08999978894bbm 2A46BFBC'
https://www.instagram.com/apc.tokokuebekasi/,apc.tokokuebekasi,683,089532080966,b'Donat Brownies PizzaToko Kue HALALWA 0895320809669Kirim-kirim luar JABODETABEK via JNE#donat#brownies#pizza#kuekeringpremiumO R D E R K L I K   wa.me/62895320809669'
https://www.instagram.com/kuelapis_bekasi/,kuelapis_bekasi,15,083108717122,b'kuelapis_bekasiBerbagai kue lapisYang ingin order bisa Dm lewatWa083108717122Pengiriman dari bekasi jatiasihUntuk wilayah bekasi via GOjek'
https://www.instagram.com/amartharisoles.bekasi/,amartharisoles.bekasi,910,628982054468,"b'AMARTHA RISOLES BEKASIRISOLES PREMIUM ANEKA RASAPremium ingredients, Halal, Bergiziwww.AmarthaRisoles.comPersonal account @syivanrwa.me/628982054468'"
https://www.instagram.com/risolesbekasi/,risolesbekasi,39,6287881702628,b'aneka risolesMenjual berbagai macam risolesMenjual aneka Frozen foodwa.me/6287881702628'
https://www.instagram.com/risoles_santuy_bekasi/,risoles_santuy_bekasi,72,089648516517,"b'Risoles santuyRisoles ini terbuat dari bahan sayuran berkualitas seperti wortel, kentang & ditambah sosis + mayones Order via WhatsApp - 089648516517'"
https://www.instagram.com/dapur_ngemil_enak/,dapur_ngemil_enak,552,085714977938,b'Dapur Ngemil Enak BekasiTemen ngemil kamuKirim dari Bekasi TimurPengiriman instan courirWhatsApp for order085714977938085717871087'
https://www.instagram.com/esrujakbuahnyai/,esrujakbuahnyai,284,085640208258,"b'Dapur_Nyai_BekasiLocal Business""Jajanan khas Indonesia dengan kualitas bahan no 1"": 085640208258 (Wa only) : Bekasi Barat : Instant,sameday,paxel : Terima pesanan besar'"
https://www.instagram.com/dapur__mamih/,dapur__mamih,505,08176525557,b'Catering BekasiCATERING BEKASIFrom official account @gabriel_graysHomecookingAll homemade and freshOrder by WA : 08176525557#testimonidapurmamih'
https://www.instagram.com/dapur.hantaran/,dapur.hantaran,200,085780091395,"b'Hantaran & Seserahan BekasiPrice :- Box & dekor 55rb/ box- Box rent 35k/ box- Dekor 45k/ box Proses dekor 7-14 hari 0857.8009.1395 (no call, chat only) Jatiasih Bekasi'"
https://www.instagram.com/susualmond_bekasi/,susualmond_bekasi,182,082111408252,"b'susu almond by @dapur_keritingFreshly heartmade by @dapur_keritingSuper ingredientsNo added sugar & preservativeMade by order (PO)For order 082111408252 (no call, wa text only)'"
https://www.instagram.com/dapursablon_bekasi/,dapursablon_bekasi,211,082211332573,b'Dapur Sablon BekasiReady:TERIMA PENYABLONAN TANPA MINIMAL ORDERD`POLS - KAOSPOLOS-WhatsApp 082211332573Workshop :Jl.Mt Haryono kp burangkeng(Gg. asem)SETU'
https://www.instagram.com/dapurelisha_bekasi/,dapurelisha_bekasi,206,081281304506,b'Dapur ELISHA _BekasiKroket_Risoles_Bekasi WA : 081281304506 Harapan Indah ~ Bekasi Barat Transfer via BCA Pengiriman H+3 stlh transfer via Gosend/Grab Instantbit.ly/dapurelisha_bekasi'
https://www.instagram.com/dapur.aa.bekasi/,dapur.aa.bekasi,96,081808108999,b'Dapur AASolusi Makan EnakOrder WA 08180810899925k Sudah Bisa Makan Enak'
https://www.instagram.com/dapurmh.co/,dapurmh.co,64,6281214820237,"b'Cinnamon Rolls 19k Bekasi Food & BeverageClose, wait for the next PO Halal BNI / Gopay Go-Send Only DM or WA for Orderapi.whatsapp.com/send?phone=6281214820237'"
https://www.instagram.com/dapur_cak_iman_bekasi/,dapur_cak_iman_bekasi,315,089648996045,b'AisyahwatiniMenerima pesanana:*paket ayam friedchicken*nasi box*nasi kuning*paket nasi Bento*tumpenginfo/order SMS/wa 089648996045@dapur_cak_iman_bekasifacebook.com/dapurcakiman'
https://www.instagram.com/dapurmaurina/,dapurmaurina,113,082112880332,b'Pizza & Klapertart BekasiHomemade by POHalal&finest ingredientslast order sabtu pk.15.00Via WA: 0821 1288 0332Deliver Minggu (Gosend/grabsend instant) Bekasi & JKT Area'
https://www.instagram.com/dapurburoes/,dapurburoes,668,08128070355,"b'CATERING BEKASI, TUMPENG DLLTUMPENG TAMPAH, RUJAK TAMPAH, LIWETAN, NASI BOXMade by OrderPesan min H-3No DM - Hanya WA 08128070355Gosend/PickUpBCA#bekasi#tumpengbekasi'"
https://www.instagram.com/dapurfrozenbekasi/,dapurfrozenbekasi,424,082123238454,"b'DAPUR FROZENLAUK FROZEN PRAKTIS SIAP MAKANDAPAT DISIMPAN LAMA, SEHAT TANPA PENGAWETORDER Via WA : 0821 2323 8454KIRIM VIA: - GOSEND/GRAB/PAXELBEKASI'"
https://www.instagram.com/dapurmami.bekasi/,dapurmami.bekasi,103,082118877074,"b'ASINAN SAYUR BETAWISINCE 2017 Asinan sayur betawi, Asinan buah & Kerupuk mie100% halal & higienisORDER WhatsApp: 0821-1887-7074 / DMTokopedia : Dapur Mami Bekasi'"
https://www.instagram.com/dapur.tina_bekasi/,dapur.tina_bekasi,806,6287875163884,"b'Dapur Tina100% HomemadeCod,Gojeg,gosamedayJln. Raya narogong km 07Line id :#bekasikulinerWA KLIK LINKwa.me/6287875163884'"
https://www.instagram.com/dapurkakafika/,dapurkakafika,34,6287776767994,b'DIMSUM MENTAI BEKASI 101% Homemade Made by Order Delivery by: GoSend/GrabSend.Pengiriman dari Bekasi.Cara pesan:wa.me/6287776767994'
https://www.instagram.com/dapurmamanayla/,dapurmamanayla,106,081290249976,b'NASI KEBULI BEKASIOwner : Mama & @destyaanabPO & ReadyNasi Kebuli & Aneka cemilanOrder? 081290249976Bekasi'
https://www.instagram.com/dapurmamaadwa/,dapurmamaadwa,80,08992003859,b'Catering Bekasi MerakyatDistributor resmi:Sambel Pecel Mama AdwaMenerima Pesanan:Untuk semua acara menu fleksibelRasa Nikmat Harga MerakyatWA/SMS/TLP 08992003859toko.ly/dapurmamaadwa'
https://www.instagram.com/dapurkecil_kitchenset_bekasi/,dapurkecil_kitchenset_bekasi,535,082210374431,b'Dapur Kecil BekasiMenerima Pesanan Kitchen Set Lemari Backdrop TV Partisi Ruangan Meja Dll. Konsult Gratis WA/Call : 082210374431'
https://www.instagram.com/dapur.keripik/,dapur.keripik,11,089637223165,b'DapurKripik||BekasiThere is no sincerer love than the love of food.Home Made dan Bebas pengawet.Order sementara>> Dm Or Wa 089637223165 @raygnt3 @kevinafriandi214'
https://www.instagram.com/dapuraliyabekasi/,dapuraliyabekasi,294,081210363593,"b'nur aliyahBismillah.....TersediaKue ultahkue tradisionalkue tampah, hantaran, aneka tumpengSnackbox,nasi bakar dllPesan081210363593'"
https://www.instagram.com/dapurdna_ig/,dapurdna_ig,30,085817743961,b'Dapur D & A BekasiMakanan & MinumanSoft Pudding.Frozen Food.Bubble Drinks by So What.Ayam Jerit Suwirwa.me/085817743961'
https://www.instagram.com/dapuryangtibekasi/,dapuryangtibekasi,47,628881899955,b'Dapur YangtiShopping & Retailhome made food by our lovely Yangti @isdianapambudiorder by DM or WA (no call)wa.me/628881899955'
https://www.instagram.com/dapurnyaibekasi/,dapurnyaibekasi,459,081271546412,"b'Indonesian Traditional DishesPlecing AyamKondoRendang ParuKering Tempe Serundeng SapiTongkol Suwir Open PO setiap senin-kamis, Ready seninBekasi Timurapi.whatsapp.com/send?phone=081271546412'"
https://www.instagram.com/dapurbasli/,dapurbasli,52,6287839928845,"b'FROZEN FOOD BEKASIFrozen Food by @annissabasli GoSend, Grab Express, JNE Bekasi, Jawa BaratOrder DM or click link on bio wa.me/6287839928845'"
https://www.instagram.com/dapurutibekasi/,dapurutibekasi,77,089620196612,"b'Dapur_UtiHOME MADE COOKING  Kering KentangNo MSG, No Pengawet MakananAneka KUE KERINGBekasiCOD Area Bekasi Kota BCAOrder via WA : 0896-2019-6612'"
https://www.instagram.com/pempek.tazol/,pempek.tazol,130,628118841703,"b'Pempek tenggiri TaZol - BekasiPempek tenggiri homemade,non MSG,asli palembang, halalSejak 2009 Galaxy, bekasifreshly made everyday max H+1 order ojek online/jne yes/paxelwa.me/628118841703'"
https://www.instagram.com/dapurbersaudara_bekasi/,dapurbersaudara_bekasi,501,628998795311,b'ceker mercon - pempek Bekasi BekasiCOD/OJOL/PAXEL% HALAL & Homemadeapi.whatsapp.com/send?phone=+628998795311'
https://www.instagram.com/pempekmaktinibekasi/,pempekmaktinibekasi,154,081398720724,b'PEMPEK MAK TINI BEKASIFood & BeverageOPEN PRE-ORDERADMIN by @dindaerniBekasi GOSEND - GRABEKSPRESS - PAXEL - LALAMOVE - EKSPEDISI (JNE) 081398720724 (WHATSAPP ONLY)shopee.co.id/dindanitipdong'
https://www.instagram.com/pempek.bekasi/,pempek.bekasi,63,08111098685,b'Pempek Tenggiri NonMSGTanya dan order via wa 08111098685'
https://www.instagram.com/pempek812_bekasi/,pempek812_bekasi,104,6281342002113,b'pempek 812 bekasiPempek ikan Fresh From Panciby @dinarafitacabang @lapanduobelas Depokfor orderDM or wa Happy Tummy wa.me/6281342002113'
https://www.instagram.com/pempekbella_/,pempekbella_,283,089694605303,"b' Pempek Bella - Bekasi% Asli Pempek Ikan - Pempek Kapal Selam- Pempek Lenjer- Model & Tekwan- Burgo, dll TLP/WA : 0896-9460-5303 Bantar Gebang - BekasiShopee shopee.co.id/product/60568450/5032859906?v=d77&smtt=0.0.3'"
https://www.instagram.com/by.dayum/,by.dayum,54,081806392112,"b'Mentai, Pempek, Sambel BekasiHalal 100%Home made by ownerFrom premium ingredients-  DM: @by.dayum / @ayu.dnt-  WA: 081806392112-  WA: 081295871616'"
https://www.instagram.com/pempeknarita/,pempeknarita,175,085268727750,"b'Pempek Narita BekasiAsli Wong Kito Galo.Pemesanan H-2 sebelum packing.WA 085268727750 Bekasi, Indonesia Gosend/Grabsend/Paxel JABODEBEK yaaOwner @rahminaritaaa'"
https://www.instagram.com/pempek.ana25/,pempek.ana25,876,081295405561,b'PEMPEK PALEMBANG ANA BEKASIEst.2010Pempek Asli Palembang Termurah diBekasiOrder WhatsApp 081295405561'
https://www.instagram.com/pempek_sulthan_bekasi/,pempek_sulthan_bekasi,28,085319327424,b'Pempek Sulthan BekasiPempek Asli Palembang bukan kaleng kaleng Pemesanan bisa lewat DM dan WA 085319327424'
https://www.instagram.com/pempekbywenol/,pempekbywenol,681,08977010287,"b'PEMPEK FROZEN MURAH BEKASIHOMEMADEOpen EverydayBRI,DANA/COD/GOSENDTambun selatan,BekasiOrder : DM WA 08977010287 (No Call)Owner @wenolll'"
https://www.instagram.com/pempekkitebekasi/,pempekkitebekasi,49,081284568701,"b'Pempek Kite BekasiPempek BangkaKIRIM VIA JNE/GOSEND/GRABDLVRYCOD JATIMULYA,sekitarnyaSince 2015Griya Timur Indah A8-11, Jatimulya, Bekasi WA 0812 8456 8701'"
https://www.instagram.com/pempektina.id/,pempektina.id,53,087774278335,"b'Pempek Tina BekasiHarapan Indah, Bekasiest. 20100877-7427-8335Tokopedia: Pempek Tina BekasiShopee: Pempek Tinashopee.co.id/product/216425904/7720746698?smtt=0.0.9'"
https://www.instagram.com/pempeklenibekasi/,pempeklenibekasi,515,08127434474,"b'Pempek Leni Palembang, BekasiASLI WONG PALEMBANG.Menyediakan:Es Kacang MerahPempek KecilSrikayaMie CelorRujak MieTekwanModelKapal Selam. 08127434474.Lokasi '"
https://www.instagram.com/pempekdekils/,pempekdekils,21,085959675736,"b""Pempek dkil's bekasiCEMILAN PEMPEK HOME MADE : Bintara14 (Bekasi Barat) : ORDER - Wa (085959675736) : 20kCOD : flyoverkranji, st.cakung,kranjiYang jauh bisa GOSEN"""
https://www.instagram.com/pempek_qito_bekasipalembang/,pempek_qito_bekasipalembang,22,081211811722,"b'pempek Qitopempek asli tenggiri Untuk Camilan,ultah,arisan,dll made by order.bisa kirim dalam dan luar kotaWA.0812 11 81 17 22'"
https://www.instagram.com/pempek_afdhol_bekasi/,pempek_afdhol_bekasi,15,087819242069,b'PEMPEK AFDHOLRp. 3.500/pcs ASLI PALEMBANG 100% HALAL DI JAMIN ENAK.PEMESANAN LEWAT WA : 087819242069/05669525049'
https://www.instagram.com/pempekalyabekasi/,pempekalyabekasi,25,081213683738,b'Pempek Alya BekasiPempek Palembang yg ada Di bekasiWa : 081213683738BBM : D6871F3CToko offline di'
https://www.instagram.com/pempekkikibekasi/,pempekkikibekasi,645,085210027667,b'Pempek Kiki (Mang Ok)WA 085210027667Trf 124 Jam Jabodetabek JNE POS TIKI WAHANA CARGO MANDIRI NIAGABaca caption ya dear'
https://www.instagram.com/pempekbekasi.id/,pempekbekasi.id,22,6281517046406,"b'Pempek PALBETHome Made, healty.BekasiTerima pesanan untuk berbagai acaraOrder?(WA) +62 815 17046406'"
https://www.instagram.com/pempek_belida_bekasi/,pempek_belida_bekasi,1,081377711561,"b'Pempek Belida BekasiPempek belida khas palembang,Untuk pemesanan WA 081377711561'"
https://www.instagram.com/pempekamperabekasi/,pempekamperabekasi,51,6281807113750,b'Pempek Ampera BekasiVilla Jakasetia BekasiVJS KULINER BEKASIOPEN 06.00pm - 10.00pm (CLOSED)Terima PesananWA : +6281807113750'
https://www.instagram.com/gallerycakes_n_cookies/,gallerycakes_n_cookies,872,6282110020441,b'Bolu Batik BekasiOleh-oleh Bekasi@miss_kolingbekasi@rollcakes_bekasiMade By OrderPengiriman: Bekasi Via gosend/tiki onsWA Order : +6282110020441www.bolubatikbekasi.blogspot.com'
https://www.instagram.com/bolumer_bintara_bekasibarat/,bolumer_bintara_bekasibarat,223,6285282083502,"b'BOLU LUMER SPESIALIS DI BEKASIReseller Resmi Bolumer BekasiOne Box For Happiness Bahan baku standar hotel  Bintara, Bekasi Baratwa.me/6285282083502?text=Hai+kak%2C+saya+mau+order+Bolumer'"
https://www.instagram.com/kuebolubekasi/,kuebolubekasi,285,081322436382,"b'Homie CakeBe happy with the tasty WA(no call) 081322436382shopee.co.id/januarirawanBekasiFresh baked,premium quality#fudgebrowniesbekasi #kuebolubekasi'"
https://www.instagram.com/bolususulembang_bekasi/,bolususulembang_bekasi,94,080021000877,b'BOLU SUSU LEMBANG ( BEKASI )OPEN STORE08 : 00 pagi - 21 : 00 malam WIB.Info & pemesanan .WA : 087723489080'
https://www.instagram.com/siliwangibolubekasi/,siliwangibolubekasi,20,628971678148,b'Siliwangi Bolu KukusGratis anter area Bekasi dan sekitarnyaKlik langsung untuk order api.whatsapp.com/send?phone=628971678148&text=Saya+tertarik+ingin+PO'
https://www.instagram.com/bsl_cbt/,bsl_cbt,89,088212184738,"b'BOLU SUSU LEMBANG ( BEKASI )Jalan Bosih Raya Wanasari CibitungDepan Giant Express Cibitung 088212184738 Cibitung ,Bekasi Timur Jawa Barat'"
https://www.instagram.com/ictalcakes/,ictalcakes,29,089532051672,"b""BOLU PANGGANG/KUKUS BEKASIICTAL CAKE'SContact Person : 0895320516728 ( icha ) 089615279659 ( talitha)Owner : @fa.faa12 & @ichasn18bekasi"""
https://www.instagram.com/bolsulembangbekasi/,bolsulembangbekasi,101,082111000710,b'bolu susu lembangBolu Susu Lembang & Takus Lembang | Bekasi | JakartaBolu susu Rp. 40K / BoxTakus Rp. 35K / BoxJNE / TIKI / TravelWa 082111000710 / 082211000710'
https://www.instagram.com/bolu_kue_kering_murah_bekasi/,bolu_kue_kering_murah_bekasi,402,082261128425,"b'BOLU-KUE KERING MURAH BEKASI bahan pengawet. Homemade!ANEKA BOLU, KUE KERING&masakan rumahan wa/sms/tlp 0822611284Shopee : https://shopee.co.id/doaibu_252018/143890768www.tokopedia.com/makanan-homemade?utm_source=Copy&utm_campaign=Shop&utm_medium=Android+Share+Button'"
https://www.instagram.com/browniesgarayabekasi/,browniesgarayabekasi,328,6287825471000,b'Bolu Susu Madu Crispy SnackBrownies Panggang & KukusDibuka UntukDistributorResellerMarketter#browniesmurah#browniespanggangwa.me/6287825471000'
https://www.instagram.com/rianaboli/,rianaboli,104,085716574082,b'Bolu Lipat Bekasi BEKASIBBM: 5C591016WA: 085716574082 / 085715252857LINE: @dxz8109vCek testimoni #testirianaboli'
https://www.instagram.com/bolumer.officialbekasi/,bolumer.officialbekasi,21,6285731728102,b'THE TRULLY MELTED CAKEhttps://wa.me/6285731728102wa.me/6285731728102'
https://www.instagram.com/bolumer_bekasitimur/,bolumer_bekasitimur,23,6285731728102,b'The Real Choco Cake in Bekasihttps://wa.me/6285731728102CHOCO MELT CAKEBOLUMERVERY MELTEDwa.me/6285731728102'
https://www.instagram.com/kuebolubekasi/,kuebolubekasi,285,081322436382,"b'Homie CakeBe happy with the tasty WA(no call) 081322436382shopee.co.id/januarirawanBekasiFresh baked,premium quality#fudgebrowniesbekasi #kuebolubekasi'"
https://www.instagram.com/bolu_kue_kering_murah_bekasi/,bolu_kue_kering_murah_bekasi,402,082261128425,"b'BOLU-KUE KERING MURAH BEKASI bahan pengawet. Homemade!ANEKA BOLU, KUE KERING&masakan rumahan wa/sms/tlp 0822611284Shopee : https://shopee.co.id/doaibu_252018/143890768www.tokopedia.com/makanan-homemade?utm_source=Copy&utm_campaign=Shop&utm_medium=Android+Share+Button'"
https://www.instagram.com/jastip.baksolobsterbekasi/,jastip.baksolobsterbekasi,106,089604537212,b'JASTIP BAKSO LOBSTER BEKASI Bekasi FREE Jastip (jika diantar) 0896-0453-7212 (WhatsApp) Gosend or Grabsend (Jabodeta) BCA'
https://www.instagram.com/taxxo.bakso/,taxxo.bakso,445,081212513532,"b'Tahu Bakso BekasiHomemadeHygienic 30.000/ 10 pcs Gopay, BCA, BNI, Mandiri, CODOrder through DMWa : 0812-1251-3532Kota Bekasi, menerima khusus jabodetabek'"
https://www.instagram.com/baksosyifa/,baksosyifa,115,089654956492,b'BAKSO HOMEMADE BEKASIProduct/ServiceBakso kemasan syifaBakso lava syifaTahu bakso syifaInfo pemesanan : 089654956492gofood.link/a/y5qd1LY'
https://www.instagram.com/rumah.tahukita/,rumah.tahukita,53,6282248343646,b'RUMAH TAHU BAKSO BEKASIProdusen tahu bakso dengan varian rasa.-Ayam-Ikan tenggiri-UdangDengan kemasan 1pcs isi 10.Untuk pemesanan via wa nomor dibawah  api.whatsapp.com/send?phone=6282248343646'
https://www.instagram.com/tabok_bekasi/,tabok_bekasi,249,081317082807,"b'   Tabok Barenk Rhebek Loct. : Tambun Utara,Bekasi - Jawa Barat Contack : 0813 - 1708 - 2807(Saran & kritik)'"
https://www.instagram.com/baksoluwes_proyekbekasi/,baksoluwes_proyekbekasi,403,081389925000,b'BAKSO LUWESPasar Proyek Bekasi10.00 - 21.00 wibSince 1999 (ex. Bawah tangga RAMAYANA)@baksoluwes_proyekbekasi#baksoluwes_proyekbekasi081389925000'
https://www.instagram.com/bakso_kampungqu_bekasi/,bakso_kampungqu_bekasi,51,08121968375,b'Bakso KampungQuBaksoEs telerWA: 0812 196 8375'
https://www.instagram.com/tahubaksobekasi/,tahubaksobekasi,29,081232579777,b'Tahu Bakso Yatma BekasiTanpa bahan pengawet Daging sapi asli Halal For order /WA 081232579777Shipping all Jabodetabek'
https://www.instagram.com/baksosantuybekasi/,baksosantuybekasi,43,6281919888700,b'BAKSO SANTUYBakso frozenwa.me/6281919888700'
https://www.instagram.com/baksohyatminyk/,baksohyatminyk,425,089671712228,b'Bakso H.Yatmin cab bekasiTelah hadir di Jogja.Mie Ayam & Bakso H.YATMIN Cab BekasiYuks yuks monggo mampirTelepon/WA 089671712228'
https://www.instagram.com/bacihebring/,bacihebring,99,6285770083308,"b'Bakso Aci Viral BekasiBaci mercon, bacirawang, seblak hebring  Made by Order (PO) Dibuatnya di Bekasi Pengiriman H+2 No PengawetMore info wa.me/6285770083308'"
https://www.instagram.com/nasitumpengbekasi/,nasitumpengbekasi,86,6281290801259,b'jual nasi tumpeng bekasiJual Nasi Tumpeng Paket 10.Porsi Paket 20.Porsi Paket 50.PorsiPESAN ANTAR#nasitumpeng #tumpengmini #tumpeng #tumpengultahORDER KLIKwa.me/6281290801259'
https://www.instagram.com/nasitumpeng_ibunani/,nasitumpeng_ibunani,23,628174849500,"b'Nasi Tumpeng Ibu Nani Bekasi""The Best Nasi Tumpeng for your every event""nasi tumpeng, rice box, tumpeng miniRasa Enak bgtCP:Wa : +62 8174849500Line ID : diaanerHalal'"
https://www.instagram.com/nasitumpengbekasi/,nasitumpengbekasi,86,6281290801259,b'jual nasi tumpeng bekasiJual Nasi Tumpeng Paket 10.Porsi Paket 20.Porsi Paket 50.PorsiPESAN ANTAR#nasitumpeng #tumpengmini #tumpeng #tumpengultahORDER KLIKwa.me/6281290801259'
https://www.instagram.com/nasi.box.nasi.kotak.cib.bks/,nasi.box.nasi.kotak.cib.bks,70,089514530831,b'Nasi Box Cibubur Bekasi. #nasiboxjakarta #nasiboxbekasi #nasikotakjakarta #nasikotakbekasi By @bkb.catering Terpercaya sejak 2015 DM / WA 0895 1453 0831'
https://www.instagram.com/nasitelurmamakbekasi/,nasitelurmamakbekasi,137,080016006287,b'Nasi Telur Mamak BekasiBuka Setiap HariJam 08.00 - 16.00Menerima Pesanan Dalam Jumlah BanyakOrder nowapi.whatsapp.com/send?phone=6287743070877'
https://www.instagram.com/padangsederhana88/,padangsederhana88,235,085697696743,"b'Nasi Padang Sederhana BekasiShopping & RetailCita Rasa IndonesiaOpen 9.00 - 22.00Menerima pesanan paket box untuk acara Meeting, Pengajian, Kantor, DllCall/WA : 085697696743 (mella)Bekasi'"
https://www.instagram.com/nasibakar_aloenaloen.id/,nasibakar_aloenaloen.id,167,085892259251,b'Nasi Bakar Bekasi Taman Alun-alun BekasiJl. Dasadarma RawalumbuRS Hermina BekasiGOR Bekasi (Car Free Day) 0858-9225-9251 / 0821-1254-4320 GoFood & GrabFood'
https://www.instagram.com/nasikrawu.cakdarma/,nasikrawu.cakdarma,832,08115000365,b'Nasi Krawu Cak Darma BekasiMakanan khas Gresik pedas endes #maknyus #musttryfood #kulinerbekasibarat #kulinerbekasi #khasgresik #khasgresikcity #kulinerkhasgresik 08115000365'
https://www.instagram.com/dapurmamanayla/,dapurmamanayla,106,081290249976,b'NASI KEBULI BEKASIOwner : Mama & @destyaanabPO & ReadyNasi Kebuli & Aneka cemilanOrder? 081290249976Bekasi'
https://www.instagram.com/dapurwiy/,dapurwiy,147,087888401110,"b'Nasi Bakar BekasiJakarta RujakNasi Bakar PremiumRujak PremiumHomemade & healthy foodFor gifts,events & businessWA 087888401110Bekasi- KranjiKayuringinJaya'"
https://www.instagram.com/jibams_kebuli/,jibams_kebuli,97,6281806056060,"b'Nasi kebuli bekasi Nasi kebuli ayam dan kambing Nasi yang dimasak dengan rempah"" dan bahan"" pilihanOrder wa.me/6281806056060'"
https://www.instagram.com/kuluyukkuy_/,kuluyukkuy_,29,085892473386,b'Nasi Ayam Kuluyuk Bekasi TimurORDER BY DM WA : 085892473386Owner by :@meyaaae@alvanyalf_@aisyahpuriii_'
https://www.instagram.com/sijum.bekasi/,sijum.bekasi,379,082114234766,"b""Berbagi Nasi Jum'at BekasiKomunitas Berbagi Nasi Gratis Untuk Jamaah Sholat Jum'at :)CS SijumBekasi 082114234766BCA : 6871439840Mandiri : 1560003220813An : siti rojiahsijum.com/bekasi"""
https://www.instagram.com/nasikebulibangmochbekasi/,nasikebulibangmochbekasi,265,089532231712,"b'Nasi kebuli_bangmochNasi Kebuli BEKASIJatimurni dan Pondok Aren, bintaroWA : 0895322317127linktr.ee/Syamilgallery'"
https://www.instagram.com/nasibekti.bekasi/,nasibekti.bekasi,95,081381997889,b'NASI BEKTI BEKASI*Nasibekti Springlake Sumarecon Bekasi Tower Fresia Fks 029( 0813-8199-7889 )*Nasibekti Prima Orchide Bekasi ruko E No.2 ( 0813-1646-2293 )'
https://www.instagram.com/thelunchboxbekasi/,thelunchboxbekasi,151,089665020504,b'Catering ||Nasi Box BekasiCatering Summarecon Bekasi #cateringkantoran #cateringsummareconbekasi.WA : 089665020504 (Gina)Link Order linktr.ee/thelunchboxbekasi'
https://www.instagram.com/nasitelur_ambu/,nasitelur_ambu,247,081776837234,b'Nasi Telur Ambu BekasiMenerima pesanan Nasi BoxHarga menyesuaikan Budget mu.GO FOOD PARTNERCp:081776837234gofood.link/u/POaB3j'
https://www.instagram.com/nasi.ogut/,nasi.ogut,90,081285740096,"b'Nasi Kepal - Bekasi Anti Piring Sendok Club, Kupas dan Hap! Made by ORDER, Bekasi Porsi Pas !Owner @ichi_echaInfo & Order : 0812.8574.0096 (wa only)'"
https://www.instagram.com/nasiliwetsunda_bekasi/,nasiliwetsunda_bekasi,6,081218490408,"b'RAJANYA NASI LIWETKitchen/Cooking NASI BOX, RICEBOWL, LIWETAN JABODETABEKWA 08121-8490408'"
https://www.instagram.com/sentosanasitelor.galaxybekasi/,sentosanasitelor.galaxybekasi,87,087889193101,b'NASI TELOR SENTOSA GALAXYFood Stand Nasi Telor Sentosa Galaxy (Warung Tenda Kuliner Plaza Galaxy) Everyday (17.00-23.30) Go Food: Nasi Telor Sentosa Galaxy Bekasi 087889193101g.co/kgs/6Qe8nf'
https://www.instagram.com/bil.afiah/,bil.afiah,62,087857969447,b'Nasi Arab BekasiMade with shalawatFast responWhatsapp : 0878 5796 9447'
https://www.instagram.com/martabakmini_bekasi/,martabakmini_bekasi,44,087889162959,b'MARTABAK MINI ENAKBy : @widyaningsih.98Sistem POMenerima Pesanan087889162959 (WA)Dekat Mall MetropolitanBekasi Selatan'
https://www.instagram.com/martabakharsbekasi/,martabakharsbekasi,447,085881652688,b'Martabak Hars BekasiJUARANYA MARTABAK!Alamat: Jl. Pulosirih Utama Blok EB No.140C (dkt sma panglima sudirman)WA / Call : 0858-8165-2688facebook.com/hars.bekasi19'
https://www.instagram.com/martabakombekasi/,martabakombekasi,158,085694690621,b'Martabak OM BekasiMartabak Manis dan Martabak India! Open 17:00 - 23:00 : 085694690621Gofood: Martabak Om Bekasi Order Take Photo Upload Eat Repeat!'
https://www.instagram.com/mehongmartabak/,mehongmartabak,58,082299446677,b'Martabak Mehong Bekasi TimurOwner outlet mehong MGT & Exit tol timur jl.mutiara gading timur exit tol timurOpen 16.00 - 22.00Terima pesanan 082299446677-081281075376'
https://www.instagram.com/martabak_youth/,martabak_youth,65,6282213358432,b'MARTABAK YOUTH BEKASI*MARTABAK YOUTH* PONDOK UNGU PERMAI BLOK AK 23 NO. 19 MARTABAK MINI ANEKA SATE DELIVERY PUP +62 822-1335-8432 +62 856-7089-590'
https://www.instagram.com/martabak100.bekasi/,martabak100.bekasi,34,087100302119,b'Martabak 100+ Rasa - BekasiMartabak Khas Pecenongan 87 dengan 100+ varian rasa dan 30 premium topping : 2pm - 11pm : Jl. Raya Narogong KM.9 No.40 Bekasi'
https://www.instagram.com/ayamgepreknyhelen/,ayamgepreknyhelen,80,087777618685,b'AYAM GEPREK NY. HELEN BEKASIAyam Geprek maknyus di Bekasi!Pesan lewat WA087777618685Terima event & Cateringwa.me/6287777618685'
https://www.instagram.com/ayamgeprekbekasi2020/,ayamgeprekbekasi2020,51,089601038790,"b'AYAM GEPREK BEKASIMAKAN BERKAH MAKAN SEMBARI SEDEKAH#Rajanya #Geprek~Gofood~ Halal dan Terenak se-bekasi....~ #089601038790, #081290160325~ayam-geprek-bekasi.business.site'"
https://www.instagram.com/catering.bekasi/,catering.bekasi,311,082244333092,"b'paket super pedas, ayam geprekBekasi, JakartaPengiriman Gojek&GrabFREE ONGKIR min pembelian 30boxGRATIS 1box min pembelian 20boxWA = 082244333092LINE = fitrianingrose'"
https://www.instagram.com/geprekmercon/,geprekmercon,128,082122790404,b'Ayam Geprek Mercon BEKASI Weekdays: 17.30 - 22.00Weekend: 17.30 - sold outRuko Harapan Indah blok BB no 6A/7 (Depan Salon Ladibi) 0821.2279.0404 0821.1473.4630'
https://www.instagram.com/rotibekasi/,rotibekasi,782,085778248965,b'Roti Buaya BekasiSince 2015Menerima pesanan #snackbox #nasibox #nasitumpeng #rotibuaya#saladbuahbekasi #cakeultah #pempekpalembang: 085778248965 (Hotline'
https://www.instagram.com/dbakedhouse/,dbakedhouse,386,6281289546286,"b'ROTI ENAK SE-BEKASIEnak Rasanya, Pas HarganyaHomemadeBuka 06:00- 20:00Tutup setiap jumatOrder NowCall/ WA :+62 81289546286+62 82299210529'"
https://www.instagram.com/rotigorengbekasi/,rotigorengbekasi,140,085693540241,"b' ROTI GORENG DIVA BEKASIRENYAH ROTINYA, MANTAP ISINYA  Bekasi Open Reseller & Dropship 0856 9354 0241 (WA Only) Produksi Setiap Hari Paxel/Gosend/Grabwa.me/6285693450241'"
https://www.instagram.com/rotidoti/,rotidoti,318,081218168281,"b'Roti Doti  Bekasi. Menerima order roti tawar untuk pengusaha roti bakar bandung. WhatsApp 081218168281. Pabrik di Rawalumbu, Bekasi.'"
https://www.instagram.com/roticoklatku_bekasi/,roticoklatku_bekasi,309,081219550609,b'Reseller Roti Coklat Ku Bekasi[READY STOCK]Bisa beli satuan untuk di mix dengan varian lainnyaPayment BCA & CashOrder ? Via DM & WHATSAPP 081219550609'
https://www.instagram.com/rotiyoung_bkkbn_bekasi/,rotiyoung_bkkbn_bekasi,141,083869686459,b'ROTI YOUNG BKKBN BEKASIpayment:@gopayindonesia@ovo_id@dana.id@linkaja#OrderDirumahAjavia:@gofoodpartners@grabfoodid@shopee_idCP: 083869686459/089678686510'
https://www.instagram.com/fikasikayabekasi/,fikasikayabekasi,89,6282218891066,"b'Fikasikaya Roti SrikayaROTI KUKUS SRIKAYAPRE ORDER Harapan Indah Bekasi 07:00 -22:00 (Buka Setiap Hari) COD, GOJEK dan GRAB DELIVERY BCA 5211369061 a/n DESY HARTATIapi.whatsapp.com/send?phone=+6282218891066'"
https://www.instagram.com/rotigempolbekasi/,rotigempolbekasi,7,0811818505,b'Roti Gempol Cab. BekasiOrder atau tanya tanya?WA : 0811818505GOFOOD : Cabang Roti Bakar Gempol Bandung'
https://www.instagram.com/rotikeset.condet_bekasi/,rotikeset.condet_bekasi,134,085715501317,"b'Roti KesetRoti Home MadeResep Jadul Dengan Rasa Kekinian : Bank Mandiri an Lita Mayank Dhini : 0857 1550 1317 : Perumahan Taman Alamanda , Bekasi'"
https://www.instagram.com/roti4ribu_bekasi/,roti4ribu_bekasi,8,081294500471,"b'Roti Srikaya BekasiOpen PO setiap Hari Jumat, & Sabtu Tanpa Bahan Pengawet & Pemanis Buatan Min. pembelian 5pcs Setu, BekasiCOD / GosendOrder by DM / WA wa.me/081294500471'"
https://www.instagram.com/rotisobekbekasi/,rotisobekbekasi,1,6285694650888,"b'Roti Sobek BekasiRoti Sobek, Roti Tawar, Roti Gandum, Roti Manis, Roti Bandung. Pre Order 2 Hari.wa.me/6285694650888'"
https://www.instagram.com/roti_bakar_gempol/,roti_bakar_gempol,71,0811818505,"b'Roti Gempol Cab. BekasiCabang Bekasi dari Roti Bakar Gempol BandungPesan via GoFood : Cabang Roti Bakar Gempol BandungLokasi : Komp Masnaga, BekasiWA : 0811818505'"
https://www.instagram.com/rotikuro.bekasi/,rotikuro.bekasi,31,08128763807,"b'rotikuro.bekasiLocal Business Jl. Pemuda no. 11 Kranji, Bekasi Barat 17135 (depan klinik suka wangi) Start from 5k Order? DM orContact 08128763807'"
https://www.instagram.com/rotilumerbekasi/,rotilumerbekasi,23,081770466967,b'  Manisnya Cokelat yang dibalut dengan lembutnya RotiOrder WA:0817-7046-6967DMFROZENFOOD#dirumahaja sama #silumerbekasi'
https://www.instagram.com/roti_kim_john_bekasi/,roti_kim_john_bekasi,64,085875805615,b'Roti_kim_john_bekasiBuka jam : 16.00 - habisDelivery dengan go-grab (proses)Wa : 085875805615'
https://www.instagram.com/kuebolubekasi/,kuebolubekasi,285,081322436382,"b'Homie CakeBe happy with the tasty WA(no call) 081322436382shopee.co.id/januarirawanBekasiFresh baked,premium quality#fudgebrowniesbekasi #kuebolubekasi'"
https://www.instagram.com/sevencake777/,sevencake777,117,085277778218,b'Terima Pesanan Kue Bekasiorder via whatsapp:085277778218Bisa antar sejabodetabek #terimapesanankue #cakeultah #cakedecorating #cakebekasi #cakeanak #cakepernikahan'
https://www.instagram.com/cake_ultahkarakter/,cake_ultahkarakter,424,081295978619,b'kueultahmurah(Bekasi)Yuk cek contoh gambar detailnyaFor order  081295978619Delivery Area Bekasi Gocar or GrabcarChat DM aja  (tidak di komentar)Boleh request'
https://www.instagram.com/jastipcakekueartis.bekasi/,jastipcakekueartis.bekasi,36,085779919734,b'JastipCakeKueArtis.BekasiJastipCakeKueArtisBekasi yuk yuk order kuenya ayu cake dan gotixcakeBisa wa saya : 085779919734Transfer dulu sebelum beli yah'
https://www.instagram.com/singkong_keju_bekasi/,singkong_keju_bekasi,114,085259823000,b'Singkong KejuProduct/Service-Singkong keju-Gemblong cotot-Tela krenyes-Timus-Rolade daun singkong+tahuBekasi UtaraWa 085259823000Open reseller'
https://www.instagram.com/nastarkejubekasi/,nastarkejubekasi,32,081295565517,b'Nastarku Nastar Home made PO H-3 Pengiriman seluruh Indonesia 0812-9556-5517'
https://www.instagram.com/semsempisangkeju/,semsempisangkeju,13,081510182339,"b'Sem sem pisang keju BekasiGofood PartnerJl. Taman Galaxy Raya No.15b, RT.001/RW.011, Jaka Setia, Kec. Bekasi Sel., Kota Bks, Jawa Barat 17147cp 081510182339'"
https://www.instagram.com/saladbuah_bekasi/,saladbuah_bekasi,59,08993191775,b'salad buah mayo keju lumerSalad buah saus mayo keju lumermade by orderFrom Bekasi (kranji)SehatBergiziLezatHalalKirm via GojekWA 08993191775 No call'
https://www.instagram.com/pudingbuahbekasi/,pudingbuahbekasi,169,081213242840,b'Puding Ulang Tahun & Pie buahShopping & RetailPuding Ulang Tahun.Salad Party.Pai cake.lagsana@fruits_salad_bekasi @tas_ultah_bekasiWa 081213242840 bekasi timur'
https://www.instagram.com/pudinghiasbekasi/,pudinghiasbekasi,212,628111542911,"b'PUDDING ART & KUE ULTAH BEKASIPemesanan maks H-2 :Puding full susu, tanpa +airhttps://api.whatsapp.com/send?phone=628111542911Pondok GedeInstagram : @dapurkaruniabunda'"
https://www.instagram.com/puding.mooding_bekasi/,puding.mooding_bekasi,62,082123905989,b'MOODing puding by Inge Silvanafor order WA or DM082123905989 (text only)Bekasi Utara'
https://www.instagram.com/pudotuci/,pudotuci,198,081298197211,b'puding sedot bekasi PUDOTBekasiTrusted Seller Reseller welcome Penunda laparTanpa pengawet +sedotanhalalpesananFb : lusi sihombingWa : 081298197211'
https://www.instagram.com/pud.ing_bekasi/,pud.ing_bekasi,66,089697999705,b'PUD.ing BekasiProduct/ServiceAssalamualaikum pecinta muanis.Salam sweet dari alien Bekasi hihiWa : 089697999705wa.me/6289697999705?text=Saya+ingin+pesan+puding+yang+Anda+jual'
https://www.instagram.com/rumahpudingbekasi/,rumahpudingbekasi,113,082110747463,b'Rumah Puding BekasiAneka Puding Enak & Salad buah LezatInfo pemesanan : 082110747463 (cs Siska)'
https://www.instagram.com/getspuding.id/,getspuding.id,133,6289537246553,b'PUDING MURAH BEKASISweet Taste is Happiness Info Update GetsPuding.idMenjual berbagai macam Varian Puding Ukuran +-150 MlInfo Pemesanan Silahkan klik link wa.me/62895372465530'
https://www.instagram.com/pudotbekasi/,pudotbekasi,46,085775776361,"b'Puding Sedot BekasiBisa untuk acara ulang tahun, pengajian, arisan dllCod kali abang nangka, seroja, marakas, tgp, kali abang tengah, stasiun Bekasi dllWa 085775776361'"
https://www.instagram.com/culinaryyy23/,culinaryyy23,13,089644255430,"b""PUDING MANGGA BEKASIOpen PO Mango Pudding for 6 Agustus 2020Untuk Pemesanan hubungi :089644255430@nvtasari23food enthusiast | Let's share happiness TAMBUN"""
https://www.instagram.com/wssilkydrink/,wssilkydrink,221,083874716289,b'Silky Puding Thai Tea BekasiWS SILKY DRINKSilky DrinkSilky PuddingThai TeaThai CoffeeMilkshakeOrder DeliveryWa0838.7471.6289Homemade with  by:www.wskitchenbekasi.com'
https://www.instagram.com/devipudinglapis/,devipudinglapis,23,085771657528,b'085771657528 Bekasi'
https://www.instagram.com/masakan.mamaku354/,masakan.mamaku354,88,081283022583,b'mie goreng nyolot bekasiOpen order mie nyolot nya pedes nya bisa menyesuaikan selera@valen.raynikha20pemesanan: DM/wa 081283022583Gratis pengiriman daerah Bekasi kota'
https://www.instagram.com/jajananmielidi.id/,jajananmielidi.id,248,089529630528,"b'MIE LIDI BEKASI JAKARTALIDI YANG DULU PERNAH ADA-----Bekasi, Jakarta TimurShipping by JNT, GosendBCA, BNI, COD-----FOR ORDER, addWA: 089529630528wa.me/6289529630528'"
https://www.instagram.com/miecelorcekgaiajtb/,miecelorcekgaiajtb,30,082315913876,"b""Mie Celor Cek Gaia BekasiMie Celor & pempek khas PalembangJl. Jatibening Raya, Blok E No. 11 Jatibening 2WA : 082315913876Grabfood linkWe're open at 06.30-20.00 WIBfood.grab.com/id/en/restaurant/mie-celor-cek-gaia-jatibening-baru-delivery/6-CZJDTK5ZVFEJRA"""
https://www.instagram.com/mielidigehel.bekasi/,mielidigehel.bekasi,29,081945085071,b'MIE LIDI GEHEL BEKASICemilan sehat dan gurihOnly 6KDengan Varian rasaCemilan untuk semua usiaOrder?Chat = 081945085071 '
https://www.instagram.com/mie_sehat_bekasi/,mie_sehat_bekasi,121,088213771211,"b'Nina_Erlina Jaya DBNMIE SEHAT BEKASITepung Kualitas Bagus Sayuran Hijau (Sawi), Wortel & Buah Naga No Pengawet No Pewarna No MSGWA : 0882.1377.1211'"
https://www.instagram.com/lidisiumangbekasikota/,lidisiumangbekasikota,604,081318704018,b'AGEN MIE LIDI SI UMANG BEKASIAGEN Lidi Si Umang COD ( Bekasi Timur ) WA 081318704018 Open Reseller & Dropship Mau Order klik linktr.ee/bocibekasikota'
https://www.instagram.com/makanans_malang/,makanans_malang,8,085215627436,b'Mie Setan BekasiMakanan Frozen dan Cemilan khas MalangPengiriman dari Bekasi & Sudirman (Jakpus)Order by DM or WA 085215627436'
https://www.instagram.com/mieayamjamurbekasi/,mieayamjamurbekasi,16,081289967882,"b'MIE AYAM HOMEMADE HALAL  HALAL @15.000 Homemade, Made By Order Gosend Coming Soon Sekitar Harapan indah FREE DELIVERY (Min Order 5) WhatsApp: 081289967882'"
https://www.instagram.com/mienyonyor_bekasi/,mienyonyor_bekasi,143,089535613320,"b'Mie Nyonyor Harapan IndahHarapan indah Jl.nusa indah VIII blok mq no 5, Bekasi Baratlevel 0 - level 5start from Rp. 12.000Wa 0895356133203DMAviable at grabfood'"
https://www.instagram.com/mieayam15.bekasi/,mieayam15.bekasi,49,080019300212,b'Mie Ayam 15RestaurantMie Ayam 15 | Hemat&Nikmat. Buka Setiap hari (08.00 - 19.30) Tersedia di Go-Food Menerima Pesanan (021-22012220)Cari dan review kami di Zomabit.ly/mieayam15'
https://www.instagram.com/mieayamkraton/,mieayamkraton,71,081211657908,b'mie ayam kraton kranji BekasiGo food dan grabfood : kraton mie ayam dan bakso % Menerima pesanan untuk hajatan 081211657908goo.gl/maps/2P7msa3QQbNBNzri9'
https://www.instagram.com/lidifujioko_bekasi/,lidifujioko_bekasi,419,087887477384,"b'mie lidi fujiokoMie lidi dan makaroni fujioko (izam food)Ada 11 varian rasa lho Jne,Wahana, SiCepat,J&TWa : 087887477384'"
https://www.instagram.com/kokique.bekasi/,kokique.bekasi,169,6282121800936,"b'KokiQueHomemade pasta - made with love Open daily 3pm-9pm in Pekayon, Bekasi SelatanAvaible in Gofood, and special orders too api.whatsapp.com/send?phone=6282121800936'"
https://www.instagram.com/ikan_hias.bekasi/,ikan_hias.bekasi,37,081297329021,b'idik kokiReady GUPPYSinterclassBlacktillMas kokiPatinCupangPalmasMenfishAlamat : jalan raya hankam sasak djikin RT 002/05 NO.42WA : 081297329021'
https://www.instagram.com/maskoki_bekasi/,maskoki_bekasi,21,087887056015,b'JRP_KokiIkan HiasBekasi - JatiwaringinBisa COD Jaktim sekitarLuar dari itu pengiriman via Gojek/GrabIn sya allah amanah087887056015'
https://www.instagram.com/sambalbekasi/,sambalbekasi,122,6281315354655,"b'Sambal GalaksiSpesial Promo di link yes Halal: Lppom MUI 01061195890917 Higienis: P-IRT 2113216010452-21 Praktis, dan enakwa.me/6281315354655'"
https://www.instagram.com/sambal.oteha_bekasi/,sambal.oteha_bekasi,9,08111899616,"b'Sambal Oteha BekasiBekasi JNE/gosend 4 Varian Rasa : Korek, Teri, Peda, Bajak DM/WA: 08111899616'"
https://www.instagram.com/sambal_ceuhah/,sambal_ceuhah,414,087874235492,b'Sambal Ceuhah BekasiPre Order Sambal CeuhahUntuk pemesanan atau join reseller WA admin 087874235492 atau DMMeilinda oktaviani owner by sambal ceuhah'
https://www.instagram.com/sambal_uninis/,sambal_uninis,58,081384864557,"b'SAMBAL BEKASI Halal BEKASI COD sekitar Bekasi JNT, JNE, GOSENDKirim Seluruh Indonesia  Wa : 081384864557www.tokopedia.com/sambeluninis/sambel-uni-nis'"
https://www.instagram.com/sambalbusurya/,sambalbusurya,59,081290146369,b'OLEH-OLEH KABUPATEN BEKASIOleh oleh khas Kabupaten Bekasi owned by @suryabintarti - #sambalbusuryaWHATSHAP : 081290146369www.busurya.com'
https://www.instagram.com/sambalrujak.planetbekasi/,sambalrujak.planetbekasi,35,081317516985,b'Sambal Rujak Planet BekasiKitchen/Cooking MERESAP KE HATI PEDASNYA (MARS) WA 081317516985 DIJAMIN DOWER '
https://www.instagram.com/sambal_president/,sambal_president,117,082136523252,"b'sambal homemade cab. bekasiSambal President""Pemimpinnya Republik Sambal"" open 7 am - 5 pm order/tanya - tanya :WhatsApp : 082136523252Langsung klik : goo.gl/ZFZyd3'"
https://www.instagram.com/waroeng_mas_yubi/,waroeng_mas_yubi,614,083115914232,"b""resaller bekasi sambal K'diah order : 083115914232"""
https://www.instagram.com/sambalnyonyahbekasi/,sambalnyonyahbekasi,21,082116160808,"b'Sambal Nyonyah BekasiSelamat Datang Para Pecinta Sambal, Kami hadir untuk menambah cita rasa yang berbeda pada sajian anda.WA: 082116160808 PickUp: JNE TIKI GOSENDwww.tokopedia.com/sambalnyonyah'"
https://www.instagram.com/sambalmbokmorobekasi/,sambalmbokmorobekasi,18,085286806161,b'Sambal Mbok Moro BekasiSambal Oseng Mercon Mbok MoroReseller Bekasi (0003)Available for preorderSMS/Call/Whatsapp: 085286806161mbokmoro.com'
https://www.instagram.com/dapoer_pedaass/,dapoer_pedaass,7,089666063595,b'Aneka Sambal & Snack | BekasiOrder via :Wa : 089666063595Menu :Sambal cumiSambel peteSambel cumi peteSambel teri'
https://www.instagram.com/sambelbengong_bekasi/,sambelbengong_bekasi,125,087877793851,b' Serba Sambal Home Made Tanpa Bahan Pengawet Halal & Fresh FoodHow to order ? DM/WA/SMS only :087877793851//085869651175gmail.com'
https://www.instagram.com/happyshop.gsz/,happyshop.gsz,167,089654392074,"b'BASO ACI&SEBLAK BEKASI by.gszBeli satuan bisa , RESELLER? WelcomeSERBA 10kfast respon dm @ghaniya.sz & @happyshop.gszWa :089654392074 Jne/gograbsend/cod bekasi jaktimBCAsince.april.dua.ribu.duapuluh'"
https://www.instagram.com/warungseblak.id/,warungseblak.id,84,082122956994,"b'Seblak BekasiJual seblak instan asli BandungSekali coba bisa ketagihanBekasi0821-2295-6994Bisa pesan di sini, klik link yaabit.ly/2xH2Ulh'"
https://www.instagram.com/produk.nasabekasi/,produk.nasabekasi,59,081908477736,b'Distributor seblak keringMenjual bermacam macam cemilan seblak kering dllBuatan sendiri di jamin murah dan enakLokasi proyek bekasi timurWa 081908477736'
https://www.instagram.com/keripiksingkongaduhay_bekasi/,keripiksingkongaduhay_bekasi,13,083822913717,b'Keripik & Seblak Instan AduhayOrder Sekarang !! : 083822913717 : Bank Bukopin Syariah: Pengiriman Via TIKI'
https://www.instagram.com/seblaknyungseb_bekasi/,seblaknyungseb_bekasi,61,080016000206,"b'cemilan bikin nagih   .PO(08.00-16.00)Setu,Bekasi(kp.burangkeng RT.02 RW.06 no.192 Jl Mt.Haryono)JNE dan J&TBRIOrder melalui DM dan WAwa.me/6282125316338'"
https://www.instagram.com/pudingbuahbekasi/,pudingbuahbekasi,169,081213242840,b'Puding Ulang Tahun & Pie buahShopping & RetailPuding Ulang Tahun.Salad Party.Pai cake.lagsana@fruits_salad_bekasi @tas_ultah_bekasiWa 081213242840 bekasi timur'
https://www.instagram.com/salad_uta/,salad_uta,336,081380205406,"b'SALAD BUAH BEKASI Bekasi barat-jakarta timur Bisa datang kerumah dan codSalad Segar, sehat, lezat dan bergiziWA : 081380205406'"
https://www.instagram.com/zhafood_/,zhafood_,928,087878954582,"b'Salad Buah BekasiCOD- Kranggan, bekasi- Setasiun Bogor, Bogor Tengah.Info dan Pemesanan :0878-7895-45820818-0722-3474'"
https://www.instagram.com/salad.iloveyou/,salad.iloveyou,274,081210420266,"b'salad buah bekasiCreamy Fresh Fruit Salad, No pengawet, 100% homemadeHad sold more than ten thousand cup of Creamy SaladGoFood Salad I Love You(WA/SMS) 081210420266www.instagram.com/p/B6NUozbDkFU/?igshid=hozbeuzf65v0'"
https://www.instagram.com/ghifaridessert/,ghifaridessert,522,6281286449106,"b'SALAD BUAH BEKASI BARATSEMANGKANAGAPEPAYAJELLY MADE BY ORDER, max H-1  Delivery by Go-Send / Grab-Send (Self Pick Up) Sabtu - Minggu OFF Fast Respone api.whatsapp.com/send?phone=6281286449106'"
https://www.instagram.com/laysweet.id/,laysweet.id,213,081296788708,b'Salad Buah Jakarta Bekasi Contact bio Line: ligyaamanda WA/text: 0812 967 88708 BNI - BCA /  Gojek - Grab Jakarta - Bekasiapi.whatsapp.com/send?phone=6281296788708&text=Hai+Laysweet+Saya+Mau+Order+Salad+Buah'
https://www.instagram.com/babysalad_/,babysalad_,542,6281288612158,b'     @jstylove   &           (06.00 - 10.00).  : BABY SALAD BUAHwa.me/6281288612158'
https://www.instagram.com/saladke.anu/,saladke.anu,677,6281314418346,"b'SALAD BUAH BEKASIOne Cup is Never EnoughMade by order, please keep before it ready to serve H-1Ready Kamis & MingguBased in BekasiFor order klik api.whatsapp.com/send?phone=6281314418346'"
https://www.instagram.com/esrujakbuahnyai/,esrujakbuahnyai,285,085640208258,"b'Dapur_Nyai_BekasiLocal Business""Jajanan khas Indonesia dengan kualitas bahan no 1"": 085640208258 (Wa only) : Bekasi Barat : Instant,sameday,paxel : Terima pesanan besar'"
https://www.instagram.com/buahsegarbekasi/,buahsegarbekasi,110,088213952851,b'Buah segar dan frozen foodGrocery StoreFor Order Via Wa 088213952851Pengiriman dari bojong menteng bekasiPengantaran Via gosend/Grabsomeday/JNE/Sicepat/paxel'
https://www.instagram.com/saladbuahmysha/,saladbuahmysha,74,081380595095,"b'salad buah bekasiPre Order H-1 no pengawet 081380595095 (WhatsApp) / no calls / no DMAlamanda regency cluster barcelona, BekasiHomemade by : @dwiirmantieffendi'"
https://www.instagram.com/saladrasa_bekasi/,saladrasa_bekasi,96,082211576100,"b'Salad Buah&Sayur HomemadeLocal BusinessBismillaahMADE BY ORDERSince Sept, 2018COD Bekasi Utara/Via Go-SendWA : 0822-1157-6100'"
https://www.instagram.com/salad_buah_bekasitimur/,salad_buah_bekasitimur,22,082299339281,"b'SALAD BUAH SiindahGriya Mustika Sari, Bekasi Timur WA : 082299339281 / DM Langsung,bisaaa Order : H-1 Open : 08.00 - 22.00 WIBGratis ongkir daerah Bekasi timur'"
https://www.instagram.com/saladbuahbundahanim/,saladbuahbundahanim,194,085648698437,b'salad buah bunda hanim bekasiWa : 0856-4869-8437 0856-4869-8437Bisa diorder viagrabfood  salad buah segar karang satriauntuk gofood bisa langsung klik link dibawah ini gofood.link/u/AGyAq'
https://www.instagram.com/dapoerbundaoskabekasi/,dapoerbundaoskabekasi,82,081293792813,"b'Salad Buah BEKASICabang dari @dapoerbundaoskaHomeMade Salad BuahBekasi Timur Regency, Bekasi081293792813Wecome To Reseller'"
https://www.instagram.com/mrs.salad_/,mrs.salad_,485,6285777819093,b'Mrs. SALAD BUAH BEKASIMade by  Pemanis  Pengawet Creamy  Yummy Fresh & Health Full Buah BCA +6285777819093'
https://www.instagram.com/_saladbuahecha/,_saladbuahecha,36,089630561903,b'salad buah bekasiSalad buah bekasi by_ @nisaca11Whatsap : 089630561903Salad buah echa dijamin mantul dengan buah segar dan dijamin padet'
https://www.instagram.com/saladnya.dika/,saladnya.dika,67,081314333340,b'SALAD BUAH BEKASICara Santuy Makan BuahTerima Pesanan untuk segala bentuk acara yg sesuai Budgetmu Bekasi - NarogongWhatsApp  : 081314333340 (Chat Only)'
https://www.instagram.com/salad.yahud/,salad.yahud,52,089863565541,"b'Salad Buah Yahud BekasiOff Sementaraa by @siffziah dan @sri_yuningsih87 Gosend, atau COD daerah tertentuSerius ORDER  WA 08986356554 (NO CALL)((H-1 pemesanan))'"
https://www.instagram.com/buahsegar_bekasi/,buahsegar_bekasi,36,082310804339,b'Buah Segar BekasiPendukung hasil petani lokal@patriotanihub of @tanihubowner by @sarmei.07Suplayer kebutuhan Panganfor order 082310804339kode Patriot SARTI72630wa.me/6282310804339'
https://www.instagram.com/salad_jaun/,salad_jaun,29,085215604359,b'(SA-BU) SALAD BUAH BEKASIfresh & healthybuka setiap hari 09.00 - 21.00..WA: 085215604359'
https://www.instagram.com/esrujakbuahnyai/,esrujakbuahnyai,285,085640208258,"b'Dapur_Nyai_BekasiLocal Business""Jajanan khas Indonesia dengan kualitas bahan no 1"": 085640208258 (Wa only) : Bekasi Barat : Instant,sameday,paxel : Terima pesanan besar'"
https://www.instagram.com/pancake_yumy/,pancake_yumy,390,081511384536,b'pancakedurian bekasiSms/Wa: 081511384536.085692120880www.dagingdurian.co.idFollowed by tamiquekue'
https://www.instagram.com/pancakedurian15_/,pancakedurian15_,51,088225687157,b'pancake durian bekasiFrozen food bisa diantar di seluruh IndonesiaAda pancake durianDurian kupasWA :088225687157Cod area:-ujung aspal-halim-bogor-kalibata'
https://www.instagram.com/pancakedurenbekasi/,pancakedurenbekasi,93,087781196959,b'PANCAKE DURIAN ASLI MEDAN KOTA BEKASI BNI GosendOrder:through DMLINE: @ige4995n (pakai @)WA: 087781196959atau klik link dibawahapi.whatsapp.com/send?phone=6287781196959'
https://www.instagram.com/pancakedurianbekasi_hello/,pancakedurianbekasi_hello,387,085697599717,b'PANCAKE DURIAN BEKASI 53K/BOX*PRODUSEN PANCAKE DURIAN MEDAN ASLI Produksi Sendiri & Garansi JABODEBEK 20K via GOJEK WA 0856-9759-9717 Mau ORDER Klik Link Dibawah Inibit.ly/2BXzz5W'
https://www.instagram.com/bonbonpancake/,bonbonpancake,73,08973887587,"b'Bon Bon Pancake Durian BekasiPancake durian asli Medan. Tipis kulitnya, sedikit creamnya, tebel durennyaBekasiLine : @lulyyuliastyaWhatsapp : 089-7388-7587'"
https://www.instagram.com/celebritypancakebk/,celebritypancakebk,21,087782210105,b'Celebrity Pancake BekasiOutlet: Jl. Kartini no. 48. Bekasi Timur (dekat RS. Bhakti Kartini)Delivery OrderBBM: 52FAC951SMS:087782210105Twitter: @celebritypancakebek'
https://www.instagram.com/pancakeduriankupas_bekasi/,pancakeduriankupas_bekasi,94,081317595022,"b'@hezvirofrozenfoodJAJANAN KEKINIAN#warungmarenta#kulinerbekasiReseller wellcomeWa 081317595022 Cikarang, COD area trtentuBRI/CIMB NIAGA'"
https://www.instagram.com/pancakedurian_bekasi/,pancakedurian_bekasi,133,089629229454,b'Bekasi OrderJual pancake durian daerah bekasi. Silakan Hub: 089629229454 (Line & WA) bbm 760AF9FB. Harga 120rb (isi 12). Include ongkir khusus bekasi (promo)'
https://www.instagram.com/durianlover.andits/,durianlover.andits,108,085691669261,"b'Pancake Durian Jakarta BekasiDurian Kupas, Durian Daging, Pancake & Selai 100% Durian MedanOrder : WA 085691669261Line chat line.me/R/ti/p/emOqdNEaLL'"
https://www.instagram.com/pancake.duriannnn/,pancake.duriannnn,30,081298575289,b'Pancake durian BekasiBukan Durian Biasa: YakindratiWa: 081298575289: 085288285826'
https://www.instagram.com/pancakedurian15_/,pancakedurian15_,51,088225687157,b'pancake durian bekasiFrozen food bisa diantar di seluruh IndonesiaAda pancake durianDurian kupasWA :088225687157Cod area:-ujung aspal-halim-bogor-kalibata'
https://www.instagram.com/pancakedurianbekasi_hello/,pancakedurianbekasi_hello,387,085697599717,b'PANCAKE DURIAN BEKASI 53K/BOX*PRODUSEN PANCAKE DURIAN MEDAN ASLI Produksi Sendiri & Garansi JABODEBEK 20K via GOJEK WA 0856-9759-9717 Mau ORDER Klik Link Dibawah Inibit.ly/2BXzz5W'
https://www.instagram.com/pancakedurenbekasi/,pancakedurenbekasi,93,087781196959,b'PANCAKE DURIAN ASLI MEDAN KOTA BEKASI BNI GosendOrder:through DMLINE: @ige4995n (pakai @)WA: 087781196959atau klik link dibawahapi.whatsapp.com/send?phone=6287781196959'
https://www.instagram.com/bonbonpancake/,bonbonpancake,73,08973887587,"b'Bon Bon Pancake Durian BekasiPancake durian asli Medan. Tipis kulitnya, sedikit creamnya, tebel durennyaBekasiLine : @lulyyuliastyaWhatsapp : 089-7388-7587'"
https://www.instagram.com/pancakedurian_bekasi/,pancakedurian_bekasi,133,089629229454,b'Bekasi OrderJual pancake durian daerah bekasi. Silakan Hub: 089629229454 (Line & WA) bbm 760AF9FB. Harga 120rb (isi 12). Include ongkir khusus bekasi (promo)'
https://www.instagram.com/durianlover.andits/,durianlover.andits,108,085691669261,"b'Pancake Durian Jakarta BekasiDurian Kupas, Durian Daging, Pancake & Selai 100% Durian MedanOrder : WA 085691669261Line chat line.me/R/ti/p/emOqdNEaLL'"
https://www.instagram.com/pancakeduriankupas_bekasi/,pancakeduriankupas_bekasi,94,081317595022,"b'@hezvirofrozenfoodJAJANAN KEKINIAN#warungmarenta#kulinerbekasiReseller wellcomeWa 081317595022 Cikarang, COD area trtentuBRI/CIMB NIAGA'"
https://www.instagram.com/pancake.duriannnn/,pancake.duriannnn,30,081298575289,b'Pancake durian BekasiBukan Durian Biasa: YakindratiWa: 081298575289: 085288285826'
https://www.instagram.com/rujak_pangsit/,rujak_pangsit,117,089679092137,"b""Rujak Pangsit Bekasi @afiqafza , @pangestutianggreini Sistem Open PO yaaa...( PO Senin - Jum'at )Bisa COD/Delivery OrderDm/Wa : 089679092137"""
https://www.instagram.com/jibams_kebuli/,jibams_kebuli,97,6281806056060,"b'Nasi kebuli bekasi Nasi kebuli ayam dan kambing Nasi yang dimasak dengan rempah"" dan bahan"" pilihanOrder wa.me/6281806056060'"
https://www.instagram.com/dapurmamanayla/,dapurmamanayla,106,081290249976,b'NASI KEBULI BEKASIOwner : Mama & @destyaanabPO & ReadyNasi Kebuli & Aneka cemilanOrder? 081290249976Bekasi'
https://www.instagram.com/nasikebulibangmochbekasi/,nasikebulibangmochbekasi,265,089532231712,"b'Nasi kebuli_bangmochNasi Kebuli BEKASIJatimurni dan Pondok Aren, bintaroWA : 0895322317127linktr.ee/Syamilgallery'"
https://www.instagram.com/kebuli_almubaarok/,kebuli_almubaarok,27,6285921616551,b'WARUNG KEBULI BEKASIMenerima pesanan:AqiqahNasi boxNampan..Insya Allah Amanah.Barakallahu fiik.wa.me/6285921616551'
https://www.instagram.com/aqiqahkebulibekasi/,aqiqahkebulibekasi,18,081293995202,"b'AQIQAH KEBULI BEKASI Melayani pesanan Aqiqah, Kebuli,catering dengan menu lain Jabodetabek Sesuai SyariatWhatsApp 0812 9399 5202'"
https://www.instagram.com/amaliah.barokah/,amaliah.barokah,12,085929991600,b'AQIQAH KEBULI JAKARTA BEKASIAQIQAH l NASI KEBULI l CATERING Spesialis Kambing JANTAN Garansi Uang Kembali & Bisa TestFood Se-JabodetabekKontak Klik  085929991600 (WA)instabio.cc/amaliahbarokahaqiqah'
https://www.instagram.com/h.ali.kebuli/,h.ali.kebuli,21,087884778697,b'kebuli bekasiKebuli khas H.Ali dari bekasiManjakan Lidah087884778697081807231683'
https://www.instagram.com/ayamgoreng_mamamertua_bekasi/,ayamgoreng_mamamertua_bekasi,108,081291712500,b'Lauk siap saji mama mertuaGo food : ayam Goreng kampung mama mertua BekasiBy gosend & gofoodFor order :081291712500'
https://www.instagram.com/garingpawukbekasi/,garingpawukbekasi,6,080017000857,b'Lauk Praktis 08.00 - 17.00 085780626006 Menu :* Goreng Garam* Rangginang Terasi* Dendeng Sapi'
https://www.instagram.com/laukita_bekasi/,laukita_bekasi,922,6281290348004,b'@Laukita_BekasiAGEN RESMI LAUKITA INDONESIALaukita Bekasi PekayonPrice?DM/  +6281290348004laukitabekasisiapsaji@gmail.comBCA/GOPAYGO-SEND/GRABEXPRESSJNEwa.me/6281290348004'
https://www.instagram.com/laukita_tambunbekasi/,laukita_tambunbekasi,90,085779916789,b'LAUKITA TAMBUN BEKASIMasakan rumah praktisNo dm pleaseContact personWa fast respon085779916789'
https://www.instagram.com/laukita_kranggan/,laukita_kranggan,27,081383548884,b'Laukita Kranggan - BekasiMakanan Siap SajiOrder ViaDMWA: 081383548884Pengiriman Via GojekMakanan HALAL & Tanpa Pengawetlinktr.ee/laukita'
https://www.instagram.com/tahususujombang.bekasi/,tahususujombang.bekasi,122,6282116078075,b'Tasuki BekasiAgen Resmi Tasuki Bekasi.Tahu Susu Asli dari Jombang dgn berbagai varian rasa dan tekstur yg lembut.Info for order & reseller just klik dibawah ini:wa.me/6282116078075'
https://www.instagram.com/taxxo.bakso/,taxxo.bakso,444,081212513532,"b'Tahu Bakso BekasiHomemadeHygienic 30.000/ 10 pcs Gopay, BCA, BNI, Mandiri, CODOrder through DMWa : 0812-1251-3532Kota Bekasi, menerima khusus jabodetabek'"
https://www.instagram.com/tabok_bekasi/,tabok_bekasi,249,081317082807,"b'   Tabok Barenk Rhebek Loct. : Tambun Utara,Bekasi - Jawa Barat Contack : 0813 - 1708 - 2807(Saran & kritik)'"
https://www.instagram.com/tahu.yun.yi.bekasi/,tahu.yun.yi.bekasi,170,081519152787,"b'Tahu Yun Yi Produksi BekasiProduksi Pabrik Bekasi Fast Respon Phone/WA 081519152787 . Tahu berkualitas sejak tahun 1940. Terima Agen atau Resto, dan terima order Jabodetabek.youtu.be/xcF_GML5Pl4'"
https://www.instagram.com/tahutauhidbekasi/,tahutauhidbekasi,30,6285940467946,"b'Tahu Tauhid BekasiReseller of @tahutauhidjakarta Jatibening, Bekasipemesanan H-1 (pukul 21.00)pengiriman hari Senin, Rabu & Jumat.WA : +62 859-4046-7946'"
https://www.instagram.com/yunyibekasi/,yunyibekasi,52,087888453555,b'Tahu Yun-Yi BekasiOfficial Tahu Yun-Yi Bekasi : Jl. K. H. Agus Salim No. 201Customer Service : : 0218824276: 087888453555 (WA)Untuk konsumsi pribadi dan B2B'
https://www.instagram.com/tahugo.bks/,tahugo.bks,25,085695049050,"b'Tahu Go! Cab. Yon Armed BekasiJl. Yon Armed 7 No.100 Cikiwul, Bekasi Senin - Ahad 10:00 s.d 21:00 WIB0856 9504 9050Pesan antar bit.ly/ordertahugo'"
https://www.instagram.com/rumah.tahukita/,rumah.tahukita,54,6282248343646,b'RUMAH TAHU BAKSO BEKASIProdusen tahu bakso dengan varian rasa.-Ayam-Ikan tenggiri-UdangDengan kemasan 1pcs isi 10.Untuk pemesanan via wa nomor dibawah  api.whatsapp.com/send?phone=6282248343646'
https://www.instagram.com/tahusayoer/,tahusayoer,33,087821074893,"b'Best Dimsum & Tahu Isi BekasiOrder & fast respon :DM / WA 087821074893Halal2Km dari harapan indah gratis ongkirBekasi, ID'"
https://www.instagram.com/tahukahfi/,tahukahfi,169,081194524340,"b'Tahu Lembut Tahunya BekasiProduct/ServiceP-IRT No 2153275010673-21Sehat, Gurih dan LembutLayanan pelanggan 0811 94 52434Keluhan SMS 08998992111Bisa order via tokopedia gojek samedaytahukahfi.com'"
https://www.instagram.com/pudingbuahbekasi/,pudingbuahbekasi,169,081213242840,b'Puding Ulang Tahun & Pie buahShopping & RetailPuding Ulang Tahun.Salad Party.Pai cake.lagsana@fruits_salad_bekasi @tas_ultah_bekasiWa 081213242840 bekasi timur'
https://www.instagram.com/tahubaksobekasi/,tahubaksobekasi,29,081232579777,b'Tahu Bakso Yatma BekasiTanpa bahan pengawet Daging sapi asli Halal For order /WA 081232579777Shipping all Jabodetabek'
https://www.instagram.com/tahuwalikpatehanbekasi/,tahuwalikpatehanbekasi,8,085228208088,"b'Tahu Walik Patehan BekasiReseller Resmi @tahuwalikpatehanCrispy, tasty, tanpa pengawetAslik buatan Yogyakarta.Nuk nannn pokoke : 085228208088 (Reni)'"
https://www.instagram.com/tahukriukyesbekasi.hi/,tahukriukyesbekasi.hi,345,6281381388845,"b'TAHU KRIUK YES Harapan IndahDIJAMIN KETAGIHANJl. Bulevar Hijau (depan @eggsalt.ed)Kav. SN 22, HI - Bekasi Barat+6281381388845TERIMA PESANAN u/ ACARAGOFOOD-GRABFOOD'"
https://www.instagram.com/tahukriukyes.bekasitelukpucung/,tahukriukyes.bekasitelukpucung,43,080020000896,"b'Tahu Kriuk Yes Teluk PucungTahu Kriuk Yes, Tahu Jaman NowIndomaret Teluk PucungBuka Jam 08.00 - 20.00 WIBWhatsapp: 089608983610'"
https://www.instagram.com/tahusumedangbekasi/,tahusumedangbekasi,25,085881625397,"b'Tahu Sumedang BekasiMelayani pemesanan Tahu sumedang wilayah Bekasi & sekitarnya.Halal, Higenis dan Kualitas terjamin.WA: 085881625397Tlp: 082298171215'"
https://www.instagram.com/tahugilabekasi/,tahugilabekasi,60,082258338900,b'tahugilapekayontahu gilabekasi_di depan alfamart ketapang galaxy perum pekayon indahgo shoptahugilabekasibuka 10.00pagi -09.00malamcall : 082258338900free wifi'
https://www.instagram.com/tahu_pong89/,tahu_pong89,36,081294262429,b'Tahu Pong Sutra BekasiEcer/agen/dropshiper/reseller silahkan hub:Wa/Telp/Sms: 08129426242Pin BB : D9659609Line : tapong89www.tapong89.com'
https://www.instagram.com/ptb_bekasi/,ptb_bekasi,13,087886175606,b'Pendaki Tahu BulatPenyewaan Alat OutdoorBekasi UtaraCp : 087886175606'
https://www.instagram.com/tabasyuk.bekasi/,tabasyuk.bekasi,15,081296551794,"b'TAHU BAKSO TERENAKHealth Food StoreAnaknya @tabasyuk  BekasiTAHU BAKSO - BAKSO HOMEMADEHALAL & HEALTHY FOOD@tabasyuk.bekasi (DM)081296551794 (WA) Laper? Tabas,YUK!  tabasyuk.haloaja.com'"
https://www.instagram.com/tahukriukyesbekasi.galaxy/,tahukriukyesbekasi.galaxy,72,081700305112,"b'Tahu Kriuk Yes,Tahu Jaman NowPemesananWa:08170030511Jl Boulevard Blok RGA No.27, Bekasi (depan izy stationery)Gofood:Tahu kriuk yes, bekasi selatanGrab:Tahu kriuk yes galaxy'"
https://www.instagram.com/tahuwalikmaswidi_bekasi/,tahuwalikmaswidi_bekasi,30,082113958613,b'Tahu Walik Mas Widi Bekasi- Wahana Harapan Bekasi- Available on Go-food- Cp : 0821-1395-8613'
https://www.instagram.com/dkriuk_pekayon/,dkriuk_pekayon,96,089829242345,b'DKriuk - Pekayon BekasiWhats App Only : 0898 2924 234GoFood : DKriuk Fried Chicken Pekayongofood.link/a/y5N83wu'
https://www.instagram.com/bagorkriukk_bekasi/,bagorkriukk_bekasi,30,081387435640,"b'Bagor Kriuk Bekasi (BKB)Bawang Goreng Home made.Renyah,Gurih & KriukkDistributor resmi @bagorkriukkOrder byWA : 081387435640tokopedia.link/hVX3bwvO06'"
https://www.instagram.com/tahukriukyesbekasi.hi/,tahukriukyesbekasi.hi,345,6281381388845,"b'TAHU KRIUK YES Harapan IndahDIJAMIN KETAGIHANJl. Bulevar Hijau (depan @eggsalt.ed)Kav. SN 22, HI - Bekasi Barat+6281381388845TERIMA PESANAN u/ ACARAGOFOOD-GRABFOOD'"
https://www.instagram.com/tahukriukyes.bekasitelukpucung/,tahukriukyes.bekasitelukpucung,43,080020000896,"b'Tahu Kriuk Yes Teluk PucungTahu Kriuk Yes, Tahu Jaman NowIndomaret Teluk PucungBuka Jam 08.00 - 20.00 WIBWhatsapp: 089608983610'"
https://www.instagram.com/tahukriukyesbks/,tahukriukyesbks,3,082213214987,b'Tahu Kriuk Yes BekasiInfo Pemesanan 082213214987'
https://www.instagram.com/tahukriukyesbekasi.galaxy/,tahukriukyesbekasi.galaxy,72,081700305112,"b'Tahu Kriuk Yes,Tahu Jaman NowPemesananWa:08170030511Jl Boulevard Blok RGA No.27, Bekasi (depan izy stationery)Gofood:Tahu kriuk yes, bekasi selatanGrab:Tahu kriuk yes galaxy'"
https://www.instagram.com/molring.bekasi/,molring.bekasi,51,080019005587,b'R@KriukkkkksOpen hour: 08:00 wib -19:00wibOrder?Bbm: 5F5F87BBWA: 083873765635(Pilih salah satu gengs)'
https://www.instagram.com/ayamgepreknyhelen/,ayamgepreknyhelen,80,087777618685,b'AYAM GEPREK NY. HELEN BEKASIAyam Geprek maknyus di Bekasi!Pesan lewat WA087777618685Terima event & Cateringwa.me/6287777618685'
https://www.instagram.com/baso_tulangrangu_geprek_bekasi/,baso_tulangrangu_geprek_bekasi,18,081219260296,b'Baso Tulang Rangu GeprekReseller BekasiWA 081219260296'
https://www.instagram.com/ayamgeprekbekasi2020/,ayamgeprekbekasi2020,54,089601038790,"b'AYAM GEPREK BEKASIMAKAN BERKAH MAKAN SEMBARI SEDEKAH#Rajanya #Geprek~Gofood~ Halal dan Terenak se-bekasi....~ #089601038790, #081290160325~ayam-geprek-bekasi.business.site'"
https://www.instagram.com/catering.bekasi/,catering.bekasi,311,082244333092,"b'paket super pedas, ayam geprekBekasi, JakartaPengiriman Gojek&GrabFREE ONGKIR min pembelian 30boxGRATIS 1box min pembelian 20boxWA = 082244333092LINE = fitrianingrose'"
https://www.instagram.com/geprekmercon/,geprekmercon,128,082122790404,b'Ayam Geprek Mercon BEKASI Weekdays: 17.30 - 22.00Weekend: 17.30 - sold outRuko Harapan Indah blok BB no 6A/7 (Depan Salon Ladibi) 0821.2279.0404 0821.1473.4630'
https://www.instagram.com/gepreksibossbekasiutara/,gepreksibossbekasiutara,195,085811102563,b'Geprek Si Boss Bekasi Utara : 085811102563Setiap hari 10.00-22.00 : Terima Pesanan dalam jumlah banyak'
https://www.instagram.com/combro.pedas.bekasi/,combro.pedas.bekasi,45,087725396751,b'@combro pedas bekasiUntuk pemesanan w.a ke. 0877-2539-6751 lokasi harapan jaya bekasi utara tersedia di Shopee.com/salman_fnb'
https://www.instagram.com/pentol_pedas_bekasi/,pentol_pedas_bekasi,65,089619908088,b'Pentol Pedas Riry For order fast responWA// 089619908088'
https://www.instagram.com/sataykato.bekasi/,sataykato.bekasi,965,081212135889,b'Sate Pedas Kato Harapan IndahSPICY CHICKEN SATAYRuko Sentra Niaga no.23-24 Bulevar HijauTeras Apotek Indah Farmaorder 081212135889(WA available)maps.google.com/?q=-6.184677%2C106.978699'
https://www.instagram.com/warung.topsi/,warung.topsi,32,081299611446,"b'Topsi ""Tongkol Pedas Bekasi""""Temen Makan Nasi"" Pemesanan WA 0812-9961-1446DM'"
https://www.instagram.com/pikaca_bekasi/,pikaca_bekasi,76,082126489871,b'Keripik Kaca Super PedasPEDAS - CRISPY - ENAK - NAGIHCOD JATIASIH & SEKITARNYA Jatiasih BekasiOrder ? DM / WA  082126489871'
https://www.instagram.com/makarobiz/,makarobiz,32,089533424343,"b'Makaroni pedas, bekasi# Sekali Nyoba Nagih Abiz 0895334243439 Jl. Penggalang C no. 68 bojong rawa lumbu bekasi'"
https://www.instagram.com/dapurdheina/,dapurdheina,20,082131405546,"b'BASO ACI X PENTOL PEDAS BEKASICari camilan buat nemenin #dirumahaja? ada baso aci yang mantul bingitss dan pentol pedas yang nagih bgtt loSo, cus aja order !WA : 082131405546shopee.co.id/temennyamilno1?smtt=0.0.9'"
https://www.instagram.com/catering.bekasi/,catering.bekasi,311,082244333092,"b'paket super pedas, ayam geprekBekasi, JakartaPengiriman Gojek&GrabFREE ONGKIR min pembelian 30boxGRATIS 1box min pembelian 20boxWA = 082244333092LINE = fitrianingrose'"
https://www.instagram.com/bociagenbekasi/,bociagenbekasi,684,081296334588,b'Boci (BasoAci) PedasOpen Reseller and Dropship Rp. 17.000/bungkus BCA OnlyOrder  WA : 081296334588Pengiriman Bekasi  via JNE // J&T // Gosend // GrabExpress'
https://www.instagram.com/hmakanan/,hmakanan,20,089609223827,b'makanan pedas bekasiIg : makanan pedas bekasiWA : 089609223827No call penting chat personal Saja Jangan ngaku pencinta pedas kalau belum belanja disini '
https://www.instagram.com/serbacekerbekasi/,serbacekerbekasi,56,081352012569,"b'CEKER PEDASCeker Petir. Uk Small : 10K, Medium : 25K, Large : 35KWa 1 : 081352012569 (di utamakan)Wa 2 : 08212377029Bekasi & Jakarta'"
https://www.instagram.com/cemilan.bekasi/,cemilan.bekasi,217,081388801420,"b'Cemilan.BekasiMenjual makanan frozen/beku, cemilan manis dan pedas dijamin enak!Order? Wa: 081388801420No rek: bca, 7635056975(henidar)Cod: kranji/kampus TSM'"
https://www.instagram.com/punya.mushay/,punya.mushay,161,087886781599,"b'Cemilan BekasiGrocery StoreDOROKDOKCU, DIMSUM, LUMPIA, GYOZA UDANGWA 087886781599 BCA a/n Muthi Aprilia (tidak ada yang lain)'"
https://www.instagram.com/yunishop2029/,yunishop2029,396,081398056743,"b'CEMILAN BEKASIWa = 081398056743FROZEN FOOD & FRESH FOOD= bekasi, bantargebang, ciketing udik = COD / gosend / grabexpress = BCA ayuniOwner : @aayuni29_wa.me/message/5NO4MK3CBZQYB1'"
https://www.instagram.com/nyemilenyakk/,nyemilenyakk,74,081384648794,b'Cemilan BekasiOrder via wa/dm COD Bekasi/Menyesuaikan081384648794-KULIT TAHU CRISPYMIE LIDI LIDIANKERIPIK PANGSIT-Bahan yang digunakan 100% FRESHshopee.co.id/nyemilenyakk'
https://www.instagram.com/cemilantakochan/,cemilantakochan,84,087776260988,"b'Cemilan / Jajanan Bekasi JktFor order:DM / Whatsapp 087776260988Part of @_takochan Bintara, Bekasi Barat Delivery by GOJEK/GRAB'"
https://www.instagram.com/cemilanku_bynisa/,cemilanku_bynisa,110,089608391259,b'CemilanBekasiBekasiOrder089608391259Resseler welcome Jatiasih-Bekasi'
https://www.instagram.com/cemilankunik_raffa/,cemilankunik_raffa,162,628995133227,"b'cemilan unik bekasi Reseller Resmi Ciomy produk Kunikita% Halalan ThoyibanNon MSG JNE , POS , TIKI, LION Cimb NiagaInfo dan pemesanan klik di bawah iniapi.whatsapp.com/send?phone=628995133227'"
https://www.instagram.com/cubit2an/,cubit2an,258,081994697335,"b'cemilan enak bekasihomemade foodpremium ingridientssent by gosend / grab / paxelorder by DM / wa 081994697335KOTA BEKASI (Kec. Bekasi Jaya, Kel. Bekasi Timur)api.whatsapp.com/send?phone=6281994697335'"
https://www.instagram.com/cemilankuenak.id/,cemilankuenak.id,104,6289616799330,b'CEMILAN MURAH ENAK BEKASIANEKA CEMILAN HOME MADEOrder atau tanyaklik link wa.me/6289616799330'
https://www.instagram.com/adrif_rupi/,adrif_rupi,355,081586019242,b'perabotan & cemilan bekasiWa : 0815 8601 9242Facebook : Pipih Suryaningsih Bisa dropship BCA Pengiriman bekasiFollow Instagram '
https://www.instagram.com/fritess.snacky/,fritess.snacky,78,089659427380,b'CEMILAN DAN FROZEN FOOD BEKASIFROZEN FOOD AND SNACKSELALU BACA CAPTION KAKReady Everyday for Donuts Homemade089659427380 (WA) ONLY BCABekasi'
https://www.instagram.com/cemilanbekasi_/,cemilanbekasi_,2,082168413875,"b'KERIPIK SINGKONG BEKASIReady StockHarapan Indah, Bekasi 20k/ bks order via dm / wa : 082168413875 keripik kentang keripik singkongRESELLER ARE VERY WELCOME'"
https://www.instagram.com/ch.licious/,ch.licious,531,089604404551,b'Cemilan murah BekasiOwner @siska_hallyFast Respon Admin1 089604404551Tanyakan dulu stokan yg akan diorder HARGA SEWAKTU-WAKTU BISA BERUBAH YAReseller Welcome'
https://www.instagram.com/cemilanmurahbekasiselatan/,cemilanmurahbekasiselatan,69,081318782300,"b'Cemilan Bekasi WA 081318782300 Order H - 1  BCA  COD bisa area perumnas 2 bekasi Pengiriman ojek online, JNE, J&T, wahana.Partner business  @anandawidyatantrikontakk.com/@cemilanmurahbekasiselatan'"
https://www.instagram.com/cemilancuan.id/,cemilancuan.id,125,089538953062,b'CEMILAN CUAN BEKASIFood & BeverageJAJANAN MURAHRASA ISTIMEWA Terima pesananWA 0895389530627'
https://www.instagram.com/cemilanreceh.bks/,cemilanreceh.bks,39,085524483590,"b'Cemilan Receh BekasiKRIPIK KEBAB BEKASI UTARA, BEKASI TIMUR, CIBITUNGCOD / GOSEND DAERAH BEKASI. BRI only.ORDER VIA WA DAN DMWA: 085524483590'"
https://www.instagram.com/dapurrosi_/,dapurrosi_,94,083872554020,b'ANEKA CEMILAN BEKASID A P U R R O S I MENU:ANEKA CEMILAN.MENERIMA KETRING Home Industri 10.00ORDER:DMTLP/WA:083872554020'
https://www.instagram.com/cemilan.yuk_bekasi/,cemilan.yuk_bekasi,236,085776676367,b'cemilan.yukReady Stok dan POBekasiOrder via :WA : 0857 76676367 DM JNE/Gojek/Diambil langsung BCA/BNI/Jenius'
https://www.instagram.com/baciltehdedew.bekasi/,baciltehdedew.bekasi,70,081274184288,b'Cemilan kekinianOwner @devilianaymDi jamin rasa nya bikin nagih Pengiriman dari BekasiJasa : J&t +WahanaPemesanan Only wa 081274184288'
https://www.instagram.com/ilyaskripikbeling/,ilyaskripikbeling,74,089653420035,b'ANEKA CEMILAN BEKASIKota BekasiSINCE 2018 BCA JNE/SICEPAT/COD/GOSENDCOD BEKASI BARAT ONLY For inquiries and order 089653420035 (WA only)shopee.co.id/ilyaskripikbeling'
https://www.instagram.com/kac.bekasi/,kac.bekasi,89,6285718601504,b'Cemilan Renyah & CrispyTersedia dengan 6 varian rasa Original Salted Egg Cheese Balado Beef BBQ BlackpepperOrder byDMBekasi SelatanFor Order & Reseller wa.me/6285718601504'
https://www.instagram.com/18plus_bekasi/,18plus_bekasi,243,6287878774309,"b'Cemilan Khas Bandung 18+OPEN RESELLER Bekasi, Jawa Barat JNT BCA MandriOrder via waapi.whatsapp.com/send?phone=6287878774309'"
https://www.instagram.com/cemilan_bekasi07/,cemilan_bekasi07,32,081280494008,"b'kuliner_bundaMenjual macem2 cemilan dll.Kota BekasiBisa kirim seluruh daerah. Kalo dkt pake gosenBisa hubungiAdmin 1: . 081280494008Admin 2:,08788626650'"
https://www.instagram.com/snacknyommybekasi/,snacknyommybekasi,257,08172345830,"b'Agen Cemilan BandungJati Asih, BekasiOpen ResellerORDER NOW Admin : 08172345830'"
https://www.instagram.com/fatina_snack_and_drink/,fatina_snack_and_drink,46,08176708664,b'Cemilan Enak  Bekasicemilan  keripik  kue kering lebaran  minuman  froozen snack  siap kirim seluruh indonesia  wa didit : 08176708664'
https://www.instagram.com/elhazart_bekasi/,elhazart_bekasi,72,082118521784,b'Cemilan_Murah_Bekasi CEMILAN BEKASI GOJEK/GRAB BEKASI UTARA 082118521784 BRI & MANDIRI@rizky_aditryawan'
https://www.instagram.com/cemilanbekasi_id/,cemilanbekasi_id,53,085921010727,b'CEMILANBEKASI_IDMenu cemillan :-singthai-saladbuah-spaghetti-stuproti-sambelCakalangTeriCumiORDER BISA VIAWA :085921010727DMLOKASI:Bekasi utara'
https://www.instagram.com/putrirahmatika.syalnas/,putrirahmatika.syalnas,53,081318058968,b'Cemilan.BekasiProduct/ServiceOfficial InstagramAneka Snack & CoklatFor Order : 081318058968'
https://www.instagram.com/mdstore.bekasi/,mdstore.bekasi,106,088110519556,"b'Camilan sehat & unik bekasi  BCA POS, WAHANA, PAHALA, J&T Whatsapp :0881-1051-955#makanankekinian #makananpedasenak #makananhalal #ciomy #bumbuirengyusan #ramenwa.me/628811051955'"
https://www.instagram.com/hellomiss.info/,hellomiss.info,575,087881448140,b'Camilan bekasiHOMEMADE! Tanpa bahan pengawetMenerima #frozenfoodPempekkroket kentangrisol mayo@kakarak.bekasiBEKASIWa: 0878-81448-140tokopedia.link/V1ROb47iMZ'
https://www.instagram.com/camilan.mbae/,camilan.mbae,89,089502800639,"b'Camilan BekasiCAMILAN VARIAN RASA SERBA 5 RIBUANOPEN ORDER & OPEN RESELLER : 09:00 S/D 21:00 : 0895 0280 0639 (WA ONLY) : BEKASI, INDONESIAINFO :KLIK wa.me/6289502800639'"
https://www.instagram.com/camilanralf.mua/,camilanralf.mua,957,6285156843782,"b'MUA JAKARTA, MUA BEKASICertified Makeup Artistbe Flawless & be YOU LINE: @byh1632t WhatsApp: +62 851 56843782'"
https://www.instagram.com/dapurtaqiyah/,dapurtaqiyah,60,081318869385,"b'rendang bekasi, sambel pecelPemesanan by wa 081318869385Pemesanan h - 2Pengiriman daribekasiNasi boxRendangSambal pecel low fat'"
https://www.instagram.com/rendangdagingmurah/,rendangdagingmurah,76,081388771506,b'Rendang Daging Bekasi#rendangpadang 100% #dagingsapi Asli. Pengiriman dari Bogor.Pemesanan bisa melalui. Call/SMS 0813-8877-1506.Atau klik link dibawahbit.ly/pesanrendangsapi'
https://www.instagram.com/rendangnenek.bekasi/,rendangnenek.bekasi,182,081806959303,"b'Rendang Nenek(Agen Resmi)Jual Rendang Siap Saji,Lezat dan Praktis..Tahan lama tanpa pengawet&MSGFor Order:WA 081806959303Pin BB 59C2C218, 2B113F18 JNE,Travelwww.rendangnenek.com'"
https://www.instagram.com/rendangkubekasi/,rendangkubekasi,211,081288504445,b'rendangku bekasiBEKASI BARATLine: rendangkubekasiPin BB: 5513CC7DTelp : 081288504445www.rendangku.com'
https://www.instagram.com/rendangajopiaman.bogor/,rendangajopiaman.bogor,58,081321670774,b'RENDANGAJOPIAMAN BOGOR BEKASIno tlp/wa: 081321670774'
https://www.instagram.com/rendangputibungsu_bekasi/,rendangputibungsu_bekasi,32,081284829960,b'Distributor by @dannisadloDistributor via BNI WA : 081284829960 J&T/JNE/Gosend Halal & Pembuatan dari Padang'
https://www.instagram.com/cemilan_muci_muci/,cemilan_muci_muci,88,6281387005073,b'Agen Dodolo Jakarta & BekasiToko makanan cemilanAgen Jakarta & BekasiYukk di order +62 813-8700-5073 FREE ONGKIR orderan dalam jumlah banyakbit.ly/2YqcKUd'
https://www.instagram.com/dodolandolananbekasi/,dodolandolananbekasi,37,083866854141,b'Mainan EdukasiMenjual mainan edukasi BekasiWA : 0838 668 54141Order : DM/WA'
https://www.instagram.com/dodolobekasi/,dodolobekasi,186,6281218178626,b'dodolobekasi Batagor Aci Goreng Kripik Usus Brownis Pizza Salad Buah Durian Kupas dan Pancake DurianPemesanan api.whatsapp.com/send?phone=6281218178626'
https://www.instagram.com/asinanbekasi/,asinanbekasi,378,082111252787,b'Spesialis AsinanbekasiAsinanbekasiSedia asinan sayur & buah.Jangan ngaku suka asinan kalo belom coba ini .082-111-252-7870838-9777-6438.Atau langsung klikbit.ly/asinanbekasi'
https://www.instagram.com/dapurmami.bekasi/,dapurmami.bekasi,102,082118877074,"b'ASINAN SAYUR BETAWISINCE 2017 Asinan sayur betawi, Asinan buah & Kerupuk mie100% halal & higienisORDER WhatsApp: 0821-1887-7074 / DMTokopedia : Dapur Mami Bekasi'"
https://www.instagram.com/biees_asinan_bekasi/,biees_asinan_bekasi,68,081315886874,"b'Bibiee Asinan (Real Acc)Buah FreshTanpa Bahan Pengawet ,Cuka ,Pemanis Buatan Dan PewarnaOPEN ORDER Senin-Minggu Bekasi&JakartaBekasi ,Jatiasih081315886874 (Online)'"
