dimsum99official,081386780336
dimsum.euy,082117083616
moondimsum88.bali,088908805599
dimsum_nagechi,6285697490963
kedai_ateu,085659400579
dimsumrumahan_,6281905004970
rumahdimsumlima,082118756767
mecca_dimsum.tangsel,081213089791
dimsum.anarki,085860944481
rumah.dimsum.utie,083194546377
dimsumhasna,088808909912
ume.dimsum,6282131781177
rumah_dimsum_utie_binjai,081260788870
dimsumst_,089975546992
chaodimsum,6282135750726
rujak.bangkokk,085886270822
lamorgan.id,082165882122
rujak.uy,628993374262
rujakqueen,088102567394
the_rujaxs,6281806900009
_rujak_banjur_cibadak_,085724325262
bumburujaksedep,082140731860
rujakbuahnonik.tanjungduren,081918000830
