pisangkejukriukjakarta	,	N
almashopandcake	,	N
susupuding_boenda	,	N
puding_murah_jakarta	,	N
miecelor6d	,	N
pokmie.id	,	N
cwiemie_samsamid	,	N
denpau_miejkt	,	N
thisismiejkt	,	N
mieayam_bykimkitchen	,	N
kisamefoods	,	N
mieayam_kingmie	,	N
miehorornyadong	,	N
mie_ayam_siola	,	N
mielidigehel_jakartatimur	,	N
mieayam_bangriyal	,	N
jajananmielidi.id	,	N
siumangjakartabarat	,	N
mieayamjakarta77	,	N
mie_ayam_junita	,	N
kokipapi_jaktim	,	N
hobby_goldfishyuanbao	,	N
sambalsoniapedas	,	N
agensambaljakarta	,	N
sambal_mamah_oey	,	N
seblak_jakarta	,	N
stok.kulkas	,	N
salad.butini	,	N
sayurbuahonlinejkt	,	N
pt_surya_berkat_sentosa_	,	N
durianpancake_jkt	,	N
pancake_durian_jakarta_barat	,	N
bocipancake	,	N
pancakedurianjakartaaa	,	N
nipong_jakarta	,	N
pangsitmie.jakarta	,	N
saurus_team	,	N
pangsit_jakarta354	,	N
laukpauk.jkt	,	N
tahu.tung	,	N
tahu_bakso_jakarta	,	N
keripikpedasbedogan	,	N
prink_pedaskerink	,	N
d.cekerpedas	,	N
cemilanau	,	N
toplesmamake	,	N
cemilankriuk.jkt	,	N
j_licious17	,	N
hepitami.inc	,	N
cemilan.nj	,	N
molagranolajakarta	,	N
dewacemilanjakarta	,	N
krispicrispy	,	N
jajan_cemilan_queenza	,	N
sangdewa.jakartapusat	,	N
khusnaarina280	,	N
tetanggaaku	,	N
cemilaneca	,	N
meliastore07	,	N
cecemilanjkt	,	N
cemilan_jkt	,	N
snysnack	,	N
rabbitbakuljajan	,	N
bakmieirian	,	N
bakmiemantulll__bm	,	N
kingsbakmie_jkt	,	N
juraganasinan_jakarta	,	N
asinan_enak_jakarta	,	N
asinan77jkt	,	N
mayfood_sby	,	N
asinanjkt_mpok_may	,	N
sweetafters.id	,	N
makaronibonju.jakarta.utara	,	N
snackhitsjakarta	,	N
agen_resmi_jakarta	,	N
inaikukujakarta	,	N
dapurnaknan	,	N
saladbuahenakjakarta	,	N
egy.thehomemadecook	,	N
siomay.mama.jakarta	,	N
excellent_cakery,N
rendangsuwir_rendangjengkol,N
nasiudukbuhaji_tebetraya,N
kolangkalingenyak,N
devie512,N
funkitchen18,N
nasikuningsamarinda,N
rumahmedina,N
nasimandhiabah,N
dimsum_nagechi,N
kedai_ateu,N
rumahdimsumlima,N
dimsumrumahan_,N
yuu.tomyam,N
larasatis_kitchen,N
yeisha_kitchen,N
dapurlokarasa,N
katering_makecih,N
mbokharjuice_,N
elikatering,N
lindamalinda.shop,N
dimsum99official,N
99frozenfood,N
nusantara_frozen_food,N
katering_sultan,N
ayam_bakar_aroma,N
homey.bakerydonuts,N
sayurmiung,N
king_jualapaaja,N
hogipempek,N
teliecakes,N
pupu_baker,N
sofiakitchensnackyongki,N
gudeg_asoy,N
selvynath,N
unimaura,N
dapur.ennyy888,N
sugarsister.id,N
presto.ema,N
sinarfajar_catering,N
rumahbarujabar,N
beybiy_kidsfashion,N
javacool_tehnik,N
kochstrasseofficial,N
alita_collection,N
dapoer_mama_achi,N
nitipkgokuy,N
puddingrakhayung,N
mamabaking_supplystore,N
ovn.id,N
dapur.winwins,N
yens_eggtart,N
keikoofood,N
riche.baker,N
santikitchen2020,N
mels.bake,N
bellehampers3,N
estilo_kitchen,N
aphokitchen,N
drinkstime.id,N
dessert_ximilu.hsu,N
dapurwalet,N
handoyo.quantum.property,N
dapurnyonya.jkt,N
tbkmakmurabadicibinong,N
mikacakery,N
ciakpoh.id,N
kims.cakery,N
sayur.onlinejkt,N
tanaman.buah_dalam.pot,N
hakasima_shop,N
papadedeshop,N
tekateknika,N
mamiohealthy,N
boothcontainercustom,N
tekateknika.official,N
dracho_artisanchoco,N
tiana.bakes,N
idn.nibbles,N
pan_pansnack,N
jagoanpetok,N
fiec21_m9,N
yanti.ha,N
kezia_santi,N
fleur.de.caca,N
pangsitedun	,	N
kebuli_aljabar	,	N
kebulihabibie_slipi	,	N
ayambakarmadu2saudara	,	N
ayambakarpelita	,	N
ayamkremesjogja	,	N
ayam_goreng_levana	,	N
kuebasah_enak	,	N
rendang.iin	,	N
rumahboi.id	,	N
asinanserba15000	,	N
asinan_sayur_asyik_rasanya	,	N
gyleasure,N
jojosbakeology,N
madooindonesia,N
lulusky.id,N
ngohiangomarini,N
makeu688,N
kolkalday_,N
enklaserpong.id,N
dafagiantara,N
diyansi_,N
arminadaily_endang_tw,N
aesthecia_clinic,N
jenita.sari.146,N
bshoeslaundry,N
thecreators.studio,N
utamarayafrozen,N
bubblasse_clothing,N
infokuliner.jakarta,N
supermarket_online25,N
juicyjuicejkt,N
misivegetable,N
eka.ramadanti.566,N
kartikasalad_puding,N
azizahvictoryduasinga,N
oy_tumbler,N
keday_momydy,N
ennya.haris,N
donat.doremi,N
oceano.indonesia,N
phartospoetress,N
aleshashop2893,N
kebuuli_yaamaan,N
saladbuah_arsen,N
lawuhijabfashion,N
dapur_chiku,N
meti_ruzainara,N
msglow_bilzaqstore,N
deden_darul_qutnie,N
littlekoko_,N
satetaichanbangmamancilegonn,N
eatmebyvane,N
ffstore14,N
zhabinna_by.khaira,N
angga_design,N
bebekmadura_frozen,N
randa_bakmi_grilled_macaroni,N
indahciptasentosa,N
anugerahfurnitureid,N
ross.taste,N
fatwego,N
myjellyart.bali,N
sew_id,N
doyankebab,N
bintisolikha,N
abumusa_fashion,N
abumusa_bookstore,N
dapoermama_shera,N
susiniusi,N
rengginang_nenek,N
cemilangaluhenak,N
dapoermarcelle,N
posing.etc,N
happytreasureland,N
oishibento.jkt,N
garasiaquarium,N
kotakcustom_ku,N
dapurcinta999,N
holly.claire.valentina,N
bayamcriispy_,N
_kripikkaca,N
roomdecor_ns,N
akamsi.collection,N
femaleshopp_id,N
mieayam_3saudara,N
tah.cris__,N
rumahtisu33_,N
abi.ngemil,N
dlimakitchen_bsd,N
rafa_partners,N
pudikitchen,N
peekupmarket,N
fluwelmarket,N
upaupi.kiddo,N
rindubundo,N
abadi.soesman.official,N
bakmijhon1,N
tereskitchens,N
keikeu.cakes,N
international_melawai,N
gbhmelawai,N
gladiresikmusicstore,N
aneka.tahu_paksuarnao,N
pcmsbintaro,N
cosmic_customdesign,N
sumberiramaofficial,N
minangbravo,N
inrockwetrust_rockers,N
sumberiramainstrument,N
sumberiramasound,N
ahmadguitarzan,N
i.x_official,N
fitriautami_ai,N
jesie.muse,N
preloved.sise,N
apriljasmine_lemon_tulungagung,N
reseputi.lpg,N
rn.laksana,N
rumahproduksiestu,N
dapur.terazza,N
draw.a.cake,N
endahkristianingrum,N
nuryati.s9,N
makembar12,N
pempekmima,N
kelaskursusjakarta,N
laryskitchen_bylilis,N
toembasbylyza,N
ala_abata,N
tungkusaya,N
lilawilyana,N
narninurn,N
lisa_dessert2,N
cakededali,N
ike_boga,N
sticksidiah,N
chatlea.collection,N
qaykounkitchen,N
vircoan,N
alldarkitchen,N
adhelovejell,N
ariesetiadi1980,N
d_arfini,N
dapoerpinang,N
mak_goring,N
oleholehbangzazri,N
dapurtehtety,N
nafnablemonic,N
rafisnack,N
trylicious_id,N
utarisuzanbalqis,N
rumahrempahnoni,N
sadiahtalithaaa,N
dapoerf4arie,N
kartonbox_dalian,N
nasi_kebuli_betawi,N
yuna_imyuna,N
gallery_adiba,N
jaliasmar,N
dapurbetawimimi,N
opiskebab,N
aniissa_olshop,N
ach_ramdhani,N
leche_id,N
putricatering.id,N
kerajinanbambucimahi,N
l.y.collection83,N
tntbags_andsouvenir,N
event_photo_vidiografy,N
eo_bazaarjakarta,N
omahsnack_lusi,N
kindalittleshop,N
teguh_furniturejepara,N
maswidoyoshop,N
ace_rawamangun,N
infokemayoran,N
busana_muslim_2020,N
kursusbahasaarabdalwa,N
satomotor.id,N
afwindimsum,N
nyonyadimsum,N
sorban_import,N
siti_shop_grosir,N
hana_elco,N
yeyeherba,N
awaludin_store,N
saffana_herbal,N
rumah.loka,N
foodbycai,N
bangkid.konveksi,N
anjalivegan,N
kantin_pafu,N
rumahsayuroni,N
loving.hut.denpasar,N
sobatgift.qu,N
wungu_store,N
mak_ovin,N
collagenclinic.indo,N
albaraglutenfree,N
ichantik_icha,N
modernhospitalgz,N
butiqginda_silihwangispeed200,N
mamam_cookies,N
bobayaga.kbnnas,N
waroengazka17,N
daribumi.co,N
weekendbaker_bydhanislicious,N
griyaharsi,N
betta.betawimodern,N
bursum_surupandan,N
nonakidsfashion,N
jacket_q1,N
karya.bu.didik,N
kebuli_arafah,N
madlove_loveforfood,N
zafood_risol_pamulang,N
ichasiska509,N
miekembang,N
